,"('stars-mean', 'Heavy')","('stars-mean', 'Light')","('stars-max', 'Heavy')","('stars-max', 'Light')","('stars-min', 'Heavy')","('stars-min', 'Light')","('stars-std', 'Heavy')","('stars-std', 'Light')","('stars-count', 'Heavy')","('stars-count', 'Light')",Priority,Clone,Status 062722,Year completed,complete,mabid,Tube,Cell Type,Freezer-Rack-Box,"('stars', 'Heavy')","('stars', 'Light')","('full_mabid', 'Heavy')","('full_mabid', 'Light')","('pks', 'Heavy')","('pks', 'Light')",Biological Replicates not sequenced,Done
132,4.946639578529376,3.776306403960785,4.977653631284916,4.126676602086438,4.925465838509316,2.675684472123793,0.017829391619648485,0.3847216129665703,6.0,12.0,2.0,N106/36,"Passed seq check, transfected, pending validation (no need to pursue as GA132 succeeded)",,False,N106/36,"N106/36.1
N106/36.1
N106/36.1
N106/36.1
N106/36.1
N106/36.1
N106/36.1
N106/36.1
N106/36.1","Immortality
Immortality
Immortality
Immortality
Immortality
Immortality
Immortality
Immortality
Immortality","2.0-2-8
2.0-2-8
2.0-2-8
2.0-2-8
2.0-2-8
2.0-2-8
3.0-4.0-2.0
3.0-4.0-2.0
3.0-5.0-3.0","4.977653631284916
4.939861844778545
4.925465838509317
4.951408061844285
4.949044585987261
4.93640350877193","2.675684472123793
3.4672268907563026
3.9828619200222937
3.82903720217361
4.126676602086438
3.706408345752608
3.964071856287425
3.851047904191617
3.973684210526316
3.8909774436090228
4.0
3.848","N106/36.1
N106/36.1.1
N106/36.1.2
N106/36.1.3
N106/36.1.4
N106/36.1.5","N106/36.1
N106/36.1
N106/36.1.1
N106/36.1.1
N106/36.1.2
N106/36.1.2
N106/36.1.3
N106/36.1.3
N106/36.1.4
N106/36.1.4
N106/36.1.5
N106/36.1.5","77
19881
19889
19896
19905
19913","173
174
19988
19989
19999
20000
20010
20011
20022
20023
20032
20033",,False
134,2.185980665429182,1.8801962433923136,3.1589310824033805,1.984197870147716,1.8108108108108107,1.664804469273743,0.6519249586048689,0.14583495425508364,4.0,4.0,35.0,N106/65,"DNA found, passed sequencing check, pending validation",,False,N106/65,"N106/65.1 IM
N106/65.1 IM
N106/65.1 IM
N106/65.1 IM
N106/65.1 IM
N106/65.1 IM
N106/65.1 IM
N106/65.1 IM","Immortality
Immortality
Immortality
Immortality
Immortality
Immortality
Immortality
Immortality","4.0-1.0-2.0
4.0-1.0-2.0
4.0-1.0-2.0
4.0-1.0-2.0
4.0-1.0-2.0
4.0-1.0-2.0
4.0-1.0-2.0
4.0-1.0-2.0","1.9540333483551149
1.8108108108108107
1.8201474201474201
3.1589310824033805","1.9841978701477156
1.9219330855018588
1.9498495486459377
1.664804469273743","N106/65.1
N106/65.1
N106/65.3
N106/65.1","N106/65.1
N106/65.1
N106/65.3
N106/65.1","19654
19890
21244
25221","19743
20001
21366
25251",N106/65.1 IM,False
135,2.185980665429182,1.8801962433923136,3.1589310824033805,1.984197870147716,1.8108108108108107,1.664804469273743,0.6519249586048689,0.14583495425508364,4.0,4.0,35.0,N106/65,"TC Supes collected 23-Feb-22, pending validation",,False,N106/65,"N106/65.1 IM
N106/65.1 IM
N106/65.1 IM
N106/65.1 IM
N106/65.1 IM
N106/65.1 IM
N106/65.1 IM
N106/65.1 IM","Immortality
Immortality
Immortality
Immortality
Immortality
Immortality
Immortality
Immortality","4.0-1.0-2.0
4.0-1.0-2.0
4.0-1.0-2.0
4.0-1.0-2.0
4.0-1.0-2.0
4.0-1.0-2.0
4.0-1.0-2.0
4.0-1.0-2.0","1.9540333483551149
1.8108108108108107
1.8201474201474201
3.1589310824033805","1.9841978701477156
1.9219330855018588
1.9498495486459377
1.664804469273743","N106/65.1
N106/65.1
N106/65.3
N106/65.1","N106/65.1
N106/65.1
N106/65.3
N106/65.1","19654
19890
21244
25221","19743
20001
21366
25251",N106/65.1 IM,False
160,3.608518762651379,4.564028573052793,4.152309564221394,4.591405499632132,3.0411984531102827,4.488018858421254,0.5640804843629514,0.050700003131624136,8.0,4.0,36.0,N134/12,,,False,N134/12,"N134/12.2
N134/12.2
N134/12.2
N134/12.2
N134/12.2
N134/12.2
N134/12.2
N134/12.2 ?
N134/12.2
N134/12.2 ?","Immortality
Immortality
Immortality
Immortality
Immortality
Immortality
Immortality
Immortality
Immortality
Immortality","7.0-9.0-5.0
7.0-9.0-5.0
7.0-9.0-5.0
7.0-9.0-5.0
7.0-9.0-5.0
7.0-9.0-5.0
7.0-9.0-5.0
7.0-9.0-5.0
7.0-9.0-5.0
7.0-9.0-5.0","4.143565021505559
3.0787542342067336
4.1430714287475165
3.0851922567999037
4.103547622636485
3.120511519983158
4.152309564221394
3.0411984531102827","4.589325805617197
4.587364128540591
4.591405499632132
4.488018858421254","N134/12.1
N134/12.1
N134/12.3
N134/12.3
N134/12.4
N134/12.4
N134/12.2
N134/12.2","N134/12.1
N134/12.3
N134/12.4
N134/12.2","6777
6778
6787
6788
6798
6799
17295
17296","6870
6881
6893
17407",N134/12.2 ?,False
22,2.9207585341857563,3.732753666067876,3.234790415505678,4.2607879924953105,2.6692288123389294,3.314273243125273,0.24273085621520135,0.2958661692827367,4.0,21.0,43.0,K55/7,"DNA found, passed sequencing check, pending validation (no need to pursue as GA266 succeeded)",,False,K55/7,"K55/7.1
K55/7.1
K55/7.1
K55/7.1
K55/7.1
K55/7.1
K55/7.1","Immortality
Immortality
Immortality
Immortality
Immortality
Immortality
Immortality","0.0-D-4
0.0-D-4
2.0-2-10
2.0-2-10
2.0-3-3
3.0-5.0-1.0
3.0-5.0-1.0","3.234790415505678
2.9698763609050713
2.669228812338929
2.8091385479933453","4.086861632474902
3.314273243125273
3.8560218355510063
3.4899351757079495
4.26078799249531
3.345215759849906
4.056047197640118
3.3893805309734515
4.03515625
3.75390625
3.979077545306059
3.4444271603017813
3.853806422636425
3.5847743094543003
3.8062705631894715
3.586413779756145
3.829797492767599
3.3837994214079075
4.038961038961039
3.951181102362205
3.341732283464567","K55/7.2
K55/7.3
K55/7.2
K55/7.1","K55/7.2
K55/7.2
K55/7.3
K55/7.3
K55/7.4
K55/7.4
K55/7.5
K55/7.5
K55/7.1
K55/7.1
K55/7.2
K55/7.2
K55/7.1
K55/7.1
K55/7.1
K55/7.1
K55/7.3
K55/7.3
K55/7.4
K55/7.2
K55/7.2","5807
5815
17856
19853","5917
5918
5927
5928
5936
5937
5946
5947
17374
17375
17958
17959
19949
19950
19961
19962
21110
21111
21122
21130
21131",,False
466,3.5598942020046733,4.242367927877897,3.7987651614773625,4.25861684340725,3.1110884570393136,4.2251911084923455,0.388946362724456,0.016732175376356226,3.0,3.0,108.0,N77/15,"Passed seq check, transfected, pending validation",,False,N77/15,"N77/15.1
N77/15.1
N77/15.1
N77/15.1","Immortality
Immortality
Immortality
Immortality","2.0-4-8
2.0-4-8
7.0-3.0-1.0
7.0-3.0-1.0","3.1110884570393136
3.769828987497344
3.7987651614773625","4.25861684340725
4.225191108492345
4.243295831734097","N77/15.1
N77/15.2
N77/15.3","N77/15.1
N77/15.2
N77/15.3","17293
19204
19213","17405
19303
19312",,False
288,3.4647215616572207,3.420926943094332,3.6224893825905333,3.760789892903117,3.1530183651532004,2.759479891201434,0.2699496877984529,0.5729028546899461,3.0,3.0,201.0,N297/59,"DNA found, passed sequencing check, pending validation",,False,N297/59,N297/59.1,Immortality,3.0-4.0-3.0,"3.1530183651532004
3.6186569372279282
3.622489382590533","2.759479891201434
3.760789892903117
3.7425110451784436","N297/59.1
N297/59.2
N297/59.3","N297/59.1
N297/59.2
N297/59.3","428
18842
18850","521
18932
18939",,False
99,3.1135785559318125,2.6222321926502485,3.160558421703625,3.044761067074226,3.0665986901599998,2.199703318226271,0.06643956333296458,0.5975460647046273,2.0,2.0,231.0,L36/12,,,False,L36/12,"L36/12.9
L36/12.9
L36/12.9
L36/12.9
L36/12.9
L36/12.9
L36/12.9
L36/12.9
L36/12.9","Immortality
Immortality
Immortality
Immortality
Immortality
Immortality
Immortality
Immortality
Immortality","3.0-4.0-1.0
3.0-4.0-1.0
3.0-4.0-7.0
3.0-4.0-7.0
3.0-5.0-10.0
3.0-5.0-10.0
3.0-5.0-10.0
3.0-5.0-10.0
3.0-5.0-10.0","3.160558421703625
3.06659869016","2.199703318226271
3.044761067074226","L36/12.9
L36/12.9","L36/12.9
L36/12.9","80
19845","177
19940",,False
315,2.617412844783816,3.3985081827583397,2.649692532974882,3.4029288415922463,2.5851331565927502,3.3940875239244344,0.045650372828979977,0.0062517556775339355,2.0,2.0,234.0,N336B/83,,,False,N336B/83,"N336B/83.1
N336B/83.1
N336B/83.1
N336B/83.1
N336B/83.1 IM
N336B/83.1 IM
N336B/83.1 IM
N336B/83.1 IM
N336B/83.1 IM
N336B/83.1 IM","Immortality
Immortality
Immortality
Immortality
Immortality
Immortality
Immortality
Immortality
Immortality
Immortality","1.0-8-3
2.0-2-8
3.0-5.0-11.0
3.0-5.0-11.0
5.0-14.0-2.0
5.0-14.0-2.0
5.0-14.0-2.0
5.0-14.0-2.0
5.0-14.0-2.0
5.0-14.0-2.0","2.5851331565927502
2.649692532974882","3.402928841592246
3.3940875239244344","N336B/83.1
N336B/83.3","N336B/83.1
N336B/83.3","447
20838","540
20932",N336B/83.1 IM,False
44,3.5198190563924663,2.978491884969946,4.310080185937799,3.9363703585329417,2.4151637085117463,1.4997755192891975,0.9421621583156742,1.1584792427822177,4.0,4.0,276.0,K88/64,"TC Supes collected 16-May-22, pending validation (negative via IB 5/17/22)",,False,K88/64,"K88/64.1
K88/64.1","Immortality
Immortality","3.0-4.0-2.0
3.0-4.0-2.0","4.297020457865081
4.310080185937798
3.05701187325524
2.415163708511746","3.8659886382790445
3.9363703585329417
1.4997755192891975
2.611833023778602","K88/64.1
K88/64.2
K88/64.3
K88/64.3","K88/64.1
K88/64.2
K88/64.3
K88/64.3","28
18411
18419
18420","119
18514
18522
18523",,False
370,3.3154623081131183,3.743574572711268,4.309642374101455,3.866195420743891,1.887639580901673,3.6481945913965257,1.3023432196373583,0.11152416336243404,5.0,3.0,294.0,N405/74,,,False,N405/74,"N405/74.1
N405/74.1
N405/74.1
N405/74.1","Immortality
Immortality
Immortality
Immortality","3.0-4.0-7.0
3.0-4.0-7.0
6.0-5.0-5.0
6.0-5.0-5.0","4.309642374101455
4.249471163858834
1.887639580901673
4.239962997253404
1.8905954244502217","3.6481945913965257
3.866195420743891
3.716333705993386","N405/74.1
N405/74.2
N405/74.2
N405/74.3
N405/74.3","N405/74.1
N405/74.2
N405/74.3","274
18795
18796
18804
18805","374
18890
18898",,False
311,3.3646236039101667,3.8779651260601504,3.529568611137314,3.9167723015641567,3.0896512267088383,3.8059955206554466,0.23971095696311895,0.062391376526031474,3.0,3.0,315.0,N330A/51,,,False,N330A/51,"N330A/51.1
N330A/51.1
N330A/51.1
N330A/51.1
N330A/51.1
N330A/51.1
N330A/51.1
N330A/51.1
N330A/51.1","Immortality
Immortality
Immortality
Immortality
Immortality
Immortality
Immortality
Immortality
Immortality","3.0-4.0-7.0
3.0-4.0-7.0
6.0-4.0-1.0
6.0-4.0-3.0
6.0-12.0-2.0
6.0-12.0-2.0
6.0-12.0-2.0
6.0-12.0-2.0
6.0-12.0-2.0","3.529568611137314
3.4746509738843474
3.0896512267088383","3.9167723015641567
3.9111275559608467
3.805995520655447","N330A/51.1
N330A/51.1
N330A/51.1","N330A/51.1
N330A/51.1
N330A/51.1","201
19700
20271","299
19791
20371",,False
312,3.8019146119130265,3.1666313350621214,3.8270005658553634,3.1859596354879827,3.779480263015912,3.144191342805056,0.023870861996902942,0.021057291800014324,3.0,3.0,316.0,N330A/80,,,False,N330A/80,"N330A/80.1
N330A/80.1
N330A/80.1
N330A/80.1
N330A/80.1
N330A/80.1
N330A/80.1
N330A/80.1","Immortality
Immortality
Immortality
Immortality
Immortality
Immortality
Immortality
Immortality","3.0-4.0-7.0
3.0-4.0-7.0
6.0-4.0-3.0
6.0-4.0-3.0
6.0-12.0-2.0
6.0-12.0-2.0
6.0-12.0-2.0
6.0-12.0-2.0","3.8270005658553634
3.799263006867804
3.7794802630159117","3.1697430268933253
3.1441913428050556
3.1859596354879827","N330A/80.1
N330A/80.1
N330A/80.1","N330A/80.1
N330A/80.1
N330A/80.1","208
19707
20280","308
19798
20379",,False
394,4.003263941296107,3.2457904833171893,4.313198664588378,4.0610549239026055,3.1306905296875422,1.5731995052250694,0.5819151964179262,1.0872811599215155,4.0,5.0,321.0,N432/21,,,False,N432/21,"N432/21.1
N432/21.1
N432/21.1
N432/21.1
N432/21.1
N432/21.1
N432/21.1
N432/21.1
N432/21.1
N432/21.1","Immortality
Immortality
Immortality
Immortality
Immortality
Immortality
Immortality
Immortality
Immortality
Immortality","3.0-4.0-8.0
3.0-4.0-8.0
3.0-4.0-8.0
4.0-9.0-4.0
4.0-9.0-4.0
4.0-9.0-4.0
4.0-9.0-4.0
4.0-9.0-4.0
4.0-9.0-4.0
4.0-9.0-4.0","4.313198664588378
4.293268022719554
3.1306905296875422
4.275898548188954","4.0610549239026055
3.9910838401069193
2.708188218543354
1.5731995052250694
3.8954259288079967","N432/21.1
N432/21.3
N432/21.5
N432/21.2","N432/21.1
N432/21.3
N432/21.5
N432/21.5
N432/21.2","408
19236
19243
20444","495
19339
19347
19348
20532",,False
263,3.484088141925429,3.2784048649392394,3.967809917973858,3.964762339212695,2.2070274042488247,2.1787160545216864,0.8525588727483093,0.9171436846408908,4.0,5.0,326.0,N262/16,,,False,N262/16,"N262/16.1
N262/16.1
N262/16.1","Immortality
Immortality
Immortality","3.0-4.0-3.0
3.0-4.0-3.0
3.0-5.0-5.0","3.9678099179738586
3.858333794471287
3.9031814510077485
2.2070274042488247","3.9647623392126947
3.9350792476652154
3.938839129495972
2.1787160545216864
2.3746275538006296","N262/16.1
N262/16.1
N262/16.1
N262/16.5","N262/16.1
N262/16.1
N262/16.1
N262/16.5
N262/16.4","429
19723
20074
23792","522
19815
20169
23882
23891",,False
296,4.278966872417933,3.8997492891213437,4.3097808110185865,3.9447548298752286,4.25995179486356,3.8642784763759375,0.02692847107127541,0.04107668617089821,3.0,3.0,327.0,N310/21,,,False,N310/21,"N310/21.2
N310/21.2
N310/21.2
N310/21.2","Immortality
Immortality
Immortality
Immortality","3.0-5.0-11.0
3.0-5.0-11.0
3.0-6.0-10.0
3.0-6.0-10.0","4.309780811018586
4.25995179486356
4.267168011371654","3.9447548298752286
3.890214561112863
3.8642784763759384","N310/21.2
N310/21.3
N310/21.4","N310/21.2
N310/21.3
N310/21.4","390
18833
18843","476
18925
18933",,False
353,4.285675485087703,3.953718328860378,4.31190497032639,3.98894225862548,4.266832649687186,3.91314138328455,0.023426490749248463,0.03818290532836957,3.0,3.0,331.0,N389/9,"TC Supes collected 16-May-22, pending validation (COS-IF inconslusive 6/1/22)",,False,N389/9,"N389/9.2
N389/9.2
N389/9.2
N389/9.2
N389/9.2
N389/9.2
N389/9.2
N389/9.2
N389/9.2
N389/9.2
N389/9.2
N389/9.2
N389/9.2","Immortality
Immortality
Immortality
Immortality
Immortality
Immortality
Immortality
Immortality
Immortality
Immortality
Immortality
Immortality
Immortality","3.0-3.0-11.0
3.0-4.0-7.0
3.0-4.0-7.0
6.0-12.0-1.0
6.0-12.0-1.0
6.0-12.0-1.0
6.0-12.0-1.0
6.0-12.0-1.0
6.0-12.0-1.0
6.0-12.0-1.0
6.0-12.0-1.0
6.0-12.0-12.0
6.0-12.0-12.0","4.31190497032639
4.266832649687186
4.278288835249533","3.91314138328455
3.959071344671103
3.9889422586254804","N389/9.2
N389/9.3
N389/9.4","N389/9.2
N389/9.3
N389/9.4","419
18794
18803","508
18889
18897",,False
317,4.305445095334878,3.908456947852462,4.314892615600511,4.186318308608715,4.2883299581613485,3.35595290898102,0.014848836800985553,0.4784852397999627,3.0,3.0,342.0,N341/12,,,False,N341/12,"N341/12.5
N341/12.5
N341/12.5
N341/12.5
N341/12.5
N341/12.5
N341/12.5
N341/12.5
N341/12.5
N341/12.5
N341/12.5
N341/12.5
N341/12.5","Immortality
Immortality
Immortality
Immortality
Immortality
Immortality
Immortality
Immortality
Immortality
Immortality
Immortality
Immortality
Immortality","0.0-9-8
0.0-9-8
2.0-2-3
2.0-2-3
2.0-2-3
2.0-2-3
2.0-2-3
2.0-2-3
2.0-2-3
2.0-2-3
2.0-2-3
2.0-2-3
2.0-2-3","4.288329958161348
4.313112712242777
4.314892615600511","3.3559529089810196
4.18309962596765
4.186318308608715","N341/12.5
N341/12.3
N341/12.4","N341/12.5
N341/12.3
N341/12.4","230
18845
18854","329
18935
18942",,False
412,3.1516298502750533,2.949321086732793,3.1516298502750533,2.949321086732793,3.1516298502750533,2.949321086732793,,,1.0,1.0,347.0,N455/15,,,False,N455/15,"N455/15.1
N455/15.1
N455/15.1","Immortality
Immortality
Immortality","3.0-4.0-7.0
3.0-4.0-7.0
6.0-3.0-10.0",3.1516298502750533,2.949321086732793,N455/15.1,N455/15.1,228,327,,False
167,3.34514353281818,3.4286404598423634,3.4938160390135384,3.7493217044535,3.0703328577938502,2.8008211990058984,0.23825958411075765,0.5437495958313091,3.0,3.0,353.0,N143/36,,,False,N143/36,"N143/36.1.1
N143/36.1.1
N143/36.1.1
N143/36.1.1","Immortality
Immortality
Immortality
Immortality","3.0-4.0-2.0
3.0-4.0-2.0
3.0-5.0-2.0
3.0-5.0-2.0","3.493816039013538
3.4712817016471504
3.0703328577938502","3.7493217044535
3.7357784760676926
2.800821199005898","N143/36.11
N143/36.11
N143/36.11","N143/36.11
N143/36.11
N143/36.11","20110
20131
25227","20213
20234
25257",N143/36.1.1,False
321,3.8246707707587864,3.7849677332190192,3.8358019058668944,3.809386040890299,3.813539635650677,3.7605494255477394,0.015741802234494322,0.03453270187892293,2.0,2.0,361.0,N347/42,,,False,N347/42,"N347/42.1
N347/42.1
N347/42.1
N347/42.1
N347/42.1
N347/42.1
N347/42.1
N347/42.1
N347/42.1","Immortality
Immortality
Immortality
Immortality
Immortality
Immortality
Immortality
Immortality
Immortality","3.0-4.0-8.0
3.0-4.0-8.0
3.0-4.0-8.0
4.0-12.0-7.0
4.0-12.0-7.0
4.0-12.0-7.0
4.0-12.0-7.0
4.0-12.0-7.0
4.0-12.0-7.0","3.8358019058668944
3.8135396356506774","3.809386040890299
3.7605494255477394","N347/42.1
N347/42.3","N347/42.1
N347/42.3","438
18886","531
18978",,False
421,3.155971265740322,2.4633266412576638,3.155971265740322,2.4633266412576638,3.155971265740322,2.4633266412576638,,,1.0,1.0,366.0,N466/14,,,False,N466/14,"N466/14.1 IM
N466/14.1 IM
N466/14.1 IM
N466/14.1 IM
N466/14.1 IM
N466/14.1 IM
N466/14.1 IM
N466/14.1 IM
N466/14.1 IM","Immortality
Immortality
Immortality
Immortality
Immortality
Immortality
Immortality
Immortality
Immortality","4.0-5.0-1.0
4.0-5.0-4.0
4.0-5.0-4.0
4.0-6.0-10.0
4.0-6.0-10.0
4.0-6.0-10.0
4.0-6.0-10.0
5.0-21.0-11.0
5.0-21.0-11.0",3.155971265740322,2.4633266412576633,N466/14.1,N466/14.1,2904,3002,N466/14.1 IM,False
148,1.8459258901758904,1.44617174584062,1.9979166666666663,1.8493377483443707,1.5714285714285714,1.1904761904761905,0.2381783229361881,0.3533203754296161,3.0,3.0,369.0,N123/48,,,False,N123/48,"N123/48.1
N123/48.1
N123/48.1","Immortality
Immortality
Immortality","0.0-D-4
0.0-D-4
3.0-4.0-8.0","1.9979166666666666
1.9684324324324325
1.5714285714285714","1.1904761904761905
1.849337748344371
1.2987012987012987","N123/48.1
N123/48.2
N123/48.1","N123/48.1
N123/48.2
N123/48.1","6
18449
19831","95
18556
19927",,False
183,4.287128679810082,3.919820818697613,4.302112662487446,4.032402932646095,4.260609893284601,3.799679995203309,0.02303060437194564,0.11654545023508316,3.0,3.0,373.0,N155/9,,,False,N155/9,"N155/9.2
N155/9.2
N155/9.2","Immortality
Immortality
Immortality","3.0-4.0-2.0
3.0-4.0-2.0
3.0-5.0-3.0","4.298663483658199
4.302112662487447
4.260609893284601","3.927379528243434
4.032402932646095
3.7996799952033093","N155/9.4
N155/9.3
N155/9.2","N155/9.4
N155/9.3
N155/9.2","18604
18687
20323","18695
18787
20422",,False
293,3.1887091784517243,4.035449508770963,4.17556243214738,4.233555776139306,1.8868154196969933,3.837772126049112,1.1887070566558728,0.1978921736102996,5.0,3.0,380.0,N307/12,,,False,N307/12,"N307/12.1
N307/12.1
N307/12.1
N307/12.1","Immortality
Immortality
Immortality
Immortality","3.0-4.0-3.0
3.0-4.0-3.0
3.0-5.0-3.0
3.0-5.0-3.0","4.069811339752924
4.17556243214738
1.8868154196969935
3.917295186088206
1.8940615145731166","4.035020624124473
4.233555776139305
3.837772126049112","N307/12.1
N307/12.2
N307/12.2
N307/12.1
N307/12.1","N307/12.1
N307/12.2
N307/12.1","421
18851
18852
19828
19829","510
18940
19924",,False
345,4.148232186361748,2.8677764797056104,4.294407563644665,3.7657079519619794,4.055932099241119,0.7250668700621499,0.12804119238813244,1.443152856921821,3.0,4.0,384.0,N380/87,,,False,N380/87,"N380/87.2
N380/87.2
N380/87.2
N380/87.2
N380/87.2","Immortality
Immortality
Immortality
Immortality
Immortality","3.0-3.0-11.0
3.0-4.0-7.0
3.0-4.0-7.0
5.0-19.0-9.0
5.0-19.0-9.0","4.094356896199461
4.055932099241119
4.294407563644665","3.7657079519619794
3.6849074282548813
3.2954236685434295
0.7250668700621499","N380/87.2
N380/87.2
N380/87.4","N380/87.2
N380/87.2
N380/87.4
N380/87.4","434
19666
20840","527
19755
20936
20937",,False
398,4.296187145346996,4.15414510106607,4.3083168434072485,4.16111684340725,4.287129149296496,4.140358825914538,0.01092273364869075,0.011939523257838057,3.0,3.0,390.0,N441/35,,,False,N441/35,"N441/35.1
N441/35.1
N441/35.1
N441/35.1
N441/35.1
N441/35.1
N441/35.1
N441/35.1
N441/35.1
N441/35.1
N441/35.1","Immortality
Immortality
Immortality
Immortality
Immortality
Immortality
Immortality
Immortality
Immortality
Immortality
Immortality","3.0-4.0-8.0
3.0-4.0-8.0
3.0-4.0-8.0
3.0-6.0-7.0
3.0-6.0-7.0
3.0-6.0-7.0
3.0-6.0-7.0
3.0-6.0-7.0
3.0-6.0-7.0
3.0-6.0-7.0
3.0-6.0-10.0","4.308316843407249
4.293115443337246
4.287129149296496","4.16111684340725
4.160959633876422
4.140358825914538","N441/35.1
N441/35.2
N441/35.3","N441/35.1
N441/35.2
N441/35.3","281
19225
19233","382
19325
19335",,False
418,2.1694060058012434,2.942768023031753,3.105887821900281,3.322701711125608,0.4820586440598578,2.303849155639589,1.0679258848432396,0.4664568137281413,7.0,4.0,392.0,N461/19,,,False,N461/19,"N461/19.2 
N461/19.2 
N461/19.2 
N461/19.2 
N461/19.2 
N461/19.2 
N461/19.2 ","Immortality
Immortality
Immortality
Immortality
Immortality
Immortality
Immortality","0.0-9-8
0.0-9-8
1.0-10-6
1.0-10-6
1.0-10-6
1.0-10-6
1.0-10-6","3.0693383532885736
1.2403759815667945
3.010360793245127
0.4820586440598578
3.1058878219002812
2.7457936165374104
1.532026830010662","3.2548014152619427
3.3227017111256076
2.303849155639589
2.8897198100998747","N461/19.2
N461/19.2
N461/19.2
N461/19.2
N461/19.6
N461/19.7
N461/19.7","N461/19.2
N461/19.2
N461/19.6
N461/19.7","251
252
19709
19710
20445
20452
20453","352
19801
20533
20540",N461/19.2 ,False
6,0.6868932038834952,1.2255737511546358,0.8511326860841424,1.9099437148217635,0.5226537216828478,0.3776169047153199,0.23226970320528995,0.7791513745120959,2.0,3.0,394.0,EA7,restricted,,False,EA7,"EA7
EA7
EA7
EA7.2
EA7.2
EA7.2
EA7.2
EA7.2
EA7.2
EA7.2
EA7.2
EA7.2
EA7.2","Immortality
Immortality
Immortality
Immortality
Immortality
Immortality
Immortality
Immortality
Immortality
Immortality
Immortality
Immortality
Immortality","1.0-8-7
3.0-5.0-4.0
3.0-5.0-4.0
5.0-20.0-9.0
5.0-20.0-9.0
5.0-20.0-9.0
5.0-20.0-9.0
5.0-20.0-9.0
5.0-20.0-9.0
5.0-20.0-9.0
5.0-20.0-9.0
5.0-20.0-9.0
5.0-20.0-9.0","0.8511326860841424
0.5226537216828478","1.9099437148217635
1.3891606339268245
0.3776169047153199","EA7.2
EA7.2","EA7.2
EA7.2
EA7.2","19898
19899","124
20013
20014",EA7,False
326,3.4998916523613817,3.4700650056110325,3.5039633030456194,3.4725951314670587,3.495820001677145,3.4675348797550054,0.0057581836188941036,0.003578138300103858,2.0,2.0,412.0,N356/9,,,False,N356/9,"N356/9.1
N356/9.1
N356/9.1
N356/9.1
N356/9.1
N356/9.1
N356/9.1","Immortality
Immortality
Immortality
Immortality
Immortality
Immortality
Immortality","0.0-D-4
0.0-D-4
3.0-5.0-4.0
3.0-5.0-4.0
3.0-5.0-4.0
3.0-5.0-4.0
3.0-5.0-4.0","3.5039633030456194
3.495820001677145","3.472595131467059
3.4675348797550054","N356/9.1
N356/9.1","N356/9.1
N356/9.1","451
19665","547
19754",,False
332,2.7453378293576374,2.806880659267696,3.7641120114413846,3.7085067508118583,1.2096238422643724,1.203178430676258,0.9251883377760513,0.9905489902898814,7.0,7.0,414.0,N364/42,,,False,N364/42,"N364/42.1
N364/42.1
N364/42.1
N364/42.1
N364/42.1","Immortality
Immortality
Immortality
Immortality
Immortality","0.0-9-8
0.0-9-8
2.0-2-6
2.0-2-6
3.0-4.0-8.0","3.1439115727143263
3.0966275361744673
3.089296739460634
1.2096238422643724
3.222583340748483
1.6912097626997933
3.764112011441385","3.5711598376054825
1.203178430676258
3.708506750811858
3.1277715364577228
2.6112305691220636
1.7752373207861933
3.6510801694142927","N364/42.1
N364/42.2
N364/42.5
N364/42.5
N364/42.4
N364/42.4
N364/42.3","N364/42.1
N364/42.1
N364/42.2
N364/42.5
N364/42.4
N364/42.4
N364/42.3","221
18828
18836
18837
20261
20262
20273","319
320
18921
18928
20363
20364
20373",,False
347,2.883486687782011,4.051902085715379,3.7517844722699496,4.13128126792145,1.895516344651516,3.9445626693397537,0.9240167900610984,0.09644837886242763,5.0,3.0,415.0,N382/69,,,False,N382/69,"N382/69.1
N382/69.1
N382/69.1
N382/69.1
N382/69.1
N382/69.1
N382/69.1
N382/69.1
N382/69.1
N382/69.1
N382/69.1
N382/69.1
N382/69.1
N382/69.1
N382/69.1","Immortality
Immortality
Immortality
Immortality
Immortality
Immortality
Immortality
Immortality
Immortality
Immortality
Immortality
Immortality
Immortality
Immortality
Immortality","3.0-4.0-7.0
3.0-4.0-7.0
6.0-12.0-1.0
6.0-12.0-1.0
6.0-12.0-1.0
6.0-12.0-1.0
6.0-12.0-1.0
6.0-12.0-1.0
6.0-12.0-1.0
6.0-12.0-1.0
6.0-12.0-1.0
6.0-12.0-1.0
6.0-12.0-1.0
6.0-12.0-1.0
6.0-12.0-1.0","3.121978174790044
3.7244284088494926
1.9237260383490533
3.7517844722699496
1.8955163446515157","3.9445626693397537
4.079862319884933
4.13128126792145","N382/69.1
N382/69.2
N382/69.2
N382/69.3
N382/69.3","N382/69.1
N382/69.2
N382/69.3","431
18829
18830
18839
18840","524
18922
18930",,False
406,3.3803443834424414,3.1667438530007233,4.0790452914611315,3.84497185921428,1.3236568905614663,1.2335731540068946,1.3711985466459533,1.2890073450096593,4.0,4.0,421.0,N451/73,,,False,N451/73,"N451/73.1
N451/73.1","Immortality
Immortality","3.0-5.0-11.0
3.0-5.0-11.0","4.079045291461131
4.072494012745722
4.046181339001446
1.3236568905614663","3.8449718592142803
3.7985190072715738
3.7899113915101417
1.2335731540068946","N451/73.1
N451/73.1
N451/73.3
N451/73.3","N451/73.1
N451/73.1
N451/73.3
N451/73.3","467
19661
20823
20824","563
19750
20914
20915",,False
414,4.142451460249736,4.041933235212095,4.2978416979375895,4.105696613196973,4.038135035207391,3.9751451424681177,0.13717976680336605,0.06532827337299861,3.0,3.0,422.0,N458/10,,,False,N458/10,"N458/10.4.1
N458/10.4.1
N458/10.4.1
N458/10.4.1
N458/10.4.1
N458/10.4.1
N458/10.4.1
N458/10.4.1
N458/10.4.1
N458/10.4.1
N458/10.4.1
N458/10.4.1
N458/10.4.1","Immortality
Immortality
Immortality
Immortality
Immortality
Immortality
Immortality
Immortality
Immortality
Immortality
Immortality
Immortality
Immortality","2.0-2-10
2.0-2-10
2.0-3-3
2.0-3-3
2.0-3-3
2.0-3-3
2.0-3-3
2.0-3-3
2.0-3-3
2.0-3-3
2.0-3-3
5.0-16.0-4.0
5.0-16.0-4.0","4.091377647604225
4.038135035207391
4.29784169793759","4.044957949971193
3.9751451424681177
4.105696613196973","N458/10.4.1
N458/10.4.1
N458/10.4.5","N458/10.4.1
N458/10.4.1
N458/10.4.5","229
19702
20475","328
19793
20564",,False
417,4.129505604023383,3.082482614691821,4.246870903732075,3.292361181393044,4.04666657198587,2.919585619327313,0.10447244125587662,0.19077697961836296,3.0,3.0,423.0,N460/19,,,False,N460/19,"N460/19.10.1
N460/19.10.1
N460/19.10.1
N460/19.10.1
N460/19.10.1
N460/19.10.1","Immortality
Immortality
Immortality
Immortality
Immortality
Immortality","2.0-2-10
2.0-2-10
2.0-2-10
2.0-2-10
3.0-4.0-8.0
3.0-4.0-8.0","4.094979336352203
4.04666657198587
4.246870903732075","3.0355010433551066
3.2923611813930433
2.9195856193273135","N460/19.10.1
N460/19.10.1
N460/19.10.2","N460/19.10.1
N460/19.10.1
N460/19.10.2","220
19703
20458","318
19794
20545",,False
428,3.2193839011215424,3.0351226438850176,4.092234176464801,3.854683832944308,0.6995220859201229,0.6720542738572302,1.6801440527442946,1.5755474104633331,4.0,4.0,424.0,N473/36,,,False,N473/36,"N473/36.3
N473/36.3","Immortality
Immortality","7.0-6.0-5.0
7.0-6.0-5.0","4.092234176464801
4.023428982135573
0.699522085920123
4.062350359965674","3.812752243407085
3.801000225331448
0.6720542738572302
3.8546838329443083","N473/36.3
N473/36.1
N473/36.1
N473/36.3","N473/36.3
N473/36.1
N473/36.1
N473/36.3","17434
19435
19436
20300","17470
19566
19567
20400",,False
200,2.5250370027465965,4.487021465226566,2.5250370027465965,4.6358309293420366,2.5250370027465965,4.2241449698176625,,0.18051238123937732,1.0,4.0,435.0,N175/9,,,False,N175/9,"N175/9.6
N175/9.6
N175/9.6
N175/9.6","Immortality
Immortality
Immortality
Immortality","3.0-4.0-2.0
3.0-4.0-2.0
3.0-5.0-3.0
3.0-5.0-3.0",2.525037002746597,"4.635830929342036
4.544376756634788
4.543733205111781
4.224144969817663",N175/9.7,"N175/9.6
N175/9.7
N175/9.8
N175/9.9",20993,"17317
18721
18729
21118",N175/9.6,False
283,3.663890425685743,3.2660102308971153,4.06490979185276,3.812429760626145,2.2351108917579494,2.053430385672648,0.7088910607801686,0.6659107351067048,6.0,6.0,437.0,N293/50,,,False,N293/50,"N293/50.1.3
N293/50.1.3
N293/50.1.3
N293/50.1.3
N293/50.1.3
N293/50.1.3
N293/50.1.3","Immortality
Immortality
Immortality
Immortality
Immortality
Immortality
Immortality","3.0-4.0-3.0
3.0-4.0-3.0
3.0-5.0-2.0
3.0-5.0-2.0
3.0-5.0-2.0
3.0-5.0-2.0
3.0-5.0-2.0","2.235110891757949
4.029827120965621
4.026613812176768
3.8035197610750338
3.8233611762863253
4.0649097918527595","2.053430385672648
3.4961539404421056
3.541962333926529
3.7374088959528127
3.812429760626145
2.9546760687624483","N293/50.1.3
N293/50.1.1
N293/50.1.4
N293/50.2
N293/50.3
N293/50.1.5","N293/50.1.3
N293/50.1.1
N293/50.1.4
N293/50.2
N293/50.3
N293/50.1.5","17496
18823
18832
23445
23491
24756","17546
18917
18924
23518
23583
24839",,False
295,4.27710911317016,3.989161928657224,4.282839331445527,4.021067332523489,4.273949111425764,3.970258150403152,0.004971268727599531,0.02778803606507869,3.0,3.0,439.0,N309A/21,,,False,N309A/21,"N309A/21.4
N309A/21.4","Immortality
Immortality","2.0-2-8
4.0-12.0-9.0","4.282839331445527
4.273949111425764
4.274538896639188","4.021067332523489
3.976160303045031
3.9702581504031524","N309A/21.4
N309A/21.1
N309A/21.2","N309A/21.4
N309A/21.1
N309A/21.2","452
18871
18878","548
18964
18971",,False
305,3.395004577353717,2.984599059303092,4.154364398734064,3.4786539606243854,1.275844062465333,1.6372038569477858,1.4133087582152477,0.8988403885320387,4.0,4.0,440.0,N326D/13,"TC Supes collected 16-May-22, failed validation vis IB 5/20/2022",,False,N326D/13,"N326D/13.1.1
N326D/13.1.1
N326D/13.1.1
N326D/13.1.1
N326D/13.1.1
N326D/13.1.1
N326D/13.1.1
N326D/13.1.1
N326D/13.1.1
N326D/13.1.1
N326D/13.1.1
N326D/13.1.1
N326D/13.1.1
N326D/13.1.1","Immortality
Immortality
Immortality
Immortality
Immortality
Immortality
Immortality
Immortality
Immortality
Immortality
Immortality
Immortality
Immortality
Immortality","0.0-9-8
0.0-9-8
2.0-2-8
2.0-2-8
2.0-2-8
2.0-2-8
2.0-2-8
2.0-2-9
2.0-2-9
2.0-2-9
2.0-2-9
2.0-2-9
2.0-2-9
2.0-2-9","4.087698456116412
4.06211139209906
4.154364398734064
1.2758440624653333","3.404818603833796
3.4786539606243854
3.4177198158064
1.637203856947786","N326D/13.1.1
N326D/13.1.1
N326D/13.1.4
N326D/13.1.4","N326D/13.1.1
N326D/13.1.1
N326D/13.1.4
N326D/13.1.4","453
19697
20267
20268","549
19788
20367
20368",,False
323,3.061204035931916,3.0577089800401667,3.087723776034333,3.0850482176219916,3.0346842958294986,3.0303697424583413,0.037504576123447896,0.0386635205731576,2.0,2.0,442.0,N349/96,,,False,N349/96,"N349/96.1
N349/96.1
N349/96.1
N349/96.1
N349/96.1","Immortality
Immortality
Immortality
Immortality
Immortality","3.0-4.0-7.0
3.0-4.0-7.0
7.0-8.0-9.0
7.0-8.0-9.0
7.0-8.0-9.0","3.034684295829499
3.0877237760343332","3.085048217621992
3.0303697424583413","N349/96.1
N349/96.1","N349/96.1
N349/96.1","417
20287","506
20387",,False
388,4.978802614643706,3.892028359918642,4.991615289765722,4.109339559706471,4.9571914382876585,2.2194373665929317,0.012120786428876228,0.3622080129355982,12.0,24.0,445.0,N424/48,,,False,N424/48,"N424/48.1.2
N424/48.1.2
N424/48.1.2
N424/48.1.2
N424/48.1.2
N424/48.1.2
N424/48.1.2
N424/48.1.2
N424/48.1.2","Immortality
Immortality
Immortality
Immortality
Immortality
Immortality
Immortality
Immortality
Immortality","0.0-D-4
0.0-D-4
3.0-4.0-8.0
3.0-5.0-8.0
3.0-5.0-8.0
3.0-5.0-8.0
3.0-5.0-8.0
3.0-5.0-8.0
3.0-5.0-8.0","4.991615289765721
4.978932584269663
4.985280588776449
4.970149253731343
4.9864077669902915
4.989838337182448
4.9868421052631575
4.989595375722543
4.96978021978022
4.981636060100167
4.95836235585481
4.957191438287658","2.219437366592932
3.883812215418433
3.9932194195823163
3.944941687008408
3.9951359084406297
3.9487839771101574
4.017241379310345
3.933412604042806
4.034013605442177
3.9173955296404275
3.982060481804203
3.9660003417051084
3.9805194805194803
3.9717068645640072
4.015944307208623
3.9315068493150687
4.011150047785919
3.9404268875438038
4.0178517397882
3.9234493192133133
4.109339559706471
3.7867911941294197
4.024102928276035
3.8604369438990767","N424/48.1.2
N424/48.1.4
N424/48.1
N424/48.1.5
N424/48.2
N424/48.3
N424/48.4
N424/48.5
N424/48.1.1
N424/48.1.3
N424/48.1
N424/48.1.1","N424/48.1.2
N424/48.1.2
N424/48.1.4
N424/48.1.4
N424/48.1
N424/48.1
N424/48.1.5
N424/48.1.5
N424/48.2
N424/48.2
N424/48.3
N424/48.3
N424/48.4
N424/48.4
N424/48.5
N424/48.5
N424/48.1.1
N424/48.1.1
N424/48.1.3
N424/48.1.3
N424/48.1
N424/48.1
N424/48.1.1
N424/48.1.1","206
5746
5754
5755
5764
5773
5782
5789
5825
5831
17832
17863","305
306
5838
5839
5848
5849
5850
5851
5860
5861
5871
5872
5882
5883
5892
5893
5942
5943
5951
5952
17929
17930
17969
17970",,False
395,3.5996242091266377,4.2041822322394165,3.825174241142826,4.230687800502959,3.1567026283741466,4.172119708736762,0.3836031372648084,0.0296768454679832,3.0,3.0,447.0,N432/63,,,False,N432/63,"N432/63.1.1.3
N432/63.1.1.3
N432/63.1.1.3
N432/63.1.1.3
N432/63.1.1.3
N432/63.1.1.3
N432/63.1.1.3
N432/63.1.1.3
N432/63.1.1.3
N432/63.1.1.3","Immortality
Immortality
Immortality
Immortality
Immortality
Immortality
Immortality
Immortality
Immortality
Immortality","3.0-4.0-8.0
4.0-9.0-3.0
4.0-9.0-3.0
4.0-9.0-3.0
4.0-9.0-3.0
4.0-9.0-3.0
4.0-9.0-3.0
4.0-9.0-3.0
5.0-21.0-11.0
5.0-21.0-11.0","3.156702628374147
3.816995757862939
3.8251742411428262","4.209739187478531
4.230687800502959
4.172119708736762","N432/63.1.1.3
N432/63.1.1.2
N432/63.1.1.1","N432/63.1.1.3
N432/63.1.1.2
N432/63.1.1.1","399
19176
19264","486
19272
19379",,False
402,3.3775377462369387,2.72670510809088,3.5328039814890344,3.1066264719648133,3.1487216007355423,2.400946870338912,0.20232896672147035,0.3559440380329481,3.0,3.0,450.0,N446/80,,,False,N446/80,"N446/80.2
N446/80.2
N446/80.2
N446/80.2
N446/80.2
N446/80.2
N446/80.2
N446/80.2","Immortality
Immortality
Immortality
Immortality
Immortality
Immortality
Immortality
Immortality","0.0-9-8
0.0-9-8
2.0-4-8
2.0-4-8
2.0-4-8
2.0-4-8
2.0-4-8
2.0-4-8","3.5328039814890344
3.148721600735542
3.45108765648624","2.672541981968914
3.1066264719648133
2.400946870338912","N446/80.2
N446/80.1
N446/80.2","N446/80.2
N446/80.1
N446/80.2","387
19178
20483","473
19275
20571",,False
411,3.6073497603761857,3.0462505085409584,3.6106858721579114,3.2064048098091518,3.604013648594462,2.8860962072727645,0.00471797452730784,0.2264923849258657,2.0,2.0,454.0,N454/91,,,False,N454/91,"N454/91.1
N454/91.1
N454/91.1
N454/91.1
N454/91.1
N454/91.1
N454/91.1
N454/91.1
N454/91.1
N454/91.1
N454/91.1
N454/91.1
N454/91.1","Immortality
Immortality
Immortality
Immortality
Immortality
Immortality
Immortality
Immortality
Immortality
Immortality
Immortality
Immortality
Immortality","3.0-4.0-8.0
3.0-4.0-8.0
3.0-4.0-8.0
7.0-6.0-7.0
7.0-6.0-7.0
7.0-6.0-7.0
7.0-6.0-7.0
7.0-6.0-7.0
7.0-6.0-7.0
7.0-6.0-7.0
7.0-6.0-7.0
7.0-6.0-7.0
7.0-6.0-7.0","3.604013648594461
3.6106858721579105","3.2064048098091513
2.8860962072727645","N454/91.1
N454/91.3","N454/91.1
N454/91.3","19692
21185","19782
21288",,False
413,4.148938523976805,4.079966883305118,4.297108582500271,4.1255319165231095,4.067976290308536,4.040015024244358,0.12850319304431562,0.043033887918052495,3.0,3.0,455.0,N456/39,,,False,N456/39,"N456/39.1
N456/39.1
N456/39.1
N456/39.1
N456/39.1
N456/39.1
N456/39.1
N456/39.1
N456/39.1
N456/39.1
N456/39.1
N456/39.1","Immortality
Immortality
Immortality
Immortality
Immortality
Immortality
Immortality
Immortality
Immortality
Immortality
Immortality
Immortality","0.0-D-4
0.0-D-4
3.0-5.0-8.0
3.0-5.0-8.0
3.0-5.0-8.0
3.0-5.0-8.0
3.0-5.0-8.0
3.0-5.0-8.0
3.0-5.0-8.0
3.0-5.0-8.0
3.0-5.0-8.0
3.0-5.0-8.0","4.081730699121609
4.067976290308536
4.297108582500271","4.074353709147885
4.040015024244358
4.12553191652311","N456/39.1
N456/39.1
N456/39.5","N456/39.1
N456/39.1
N456/39.5","392
19728
20505","478
19822
20596",,False
419,2.728285319106753,2.0122517123153107,3.5265526247039243,2.179999872446542,1.255276090191785,1.7585100570657723,1.2771576924437789,0.1831800164988844,3.0,4.0,457.0,N463/52,,,False,N463/52,"N463/52.1
N463/52.1
N463/52.1
N463/52.1
N463/52.1","Immortality
Immortality
Immortality
Immortality
Immortality","2.0-4-9
2.0-4-9
2.0-4-9
3.0-5.0-11.0
3.0-5.0-11.0","3.526552624703924
3.4030272424245505
1.255276090191785","2.0081154465182474
2.1023814732306816
1.7585100570657723
2.179999872446542","N463/52.1
N463/52.1
N463/52.1","N463/52.1
N463/52.1
N463/52.1
N463/52.1","395
20290
20291","481
482
20390
20391",,False
422,4.0888936310682285,3.647625675830652,4.160197303177364,4.006631884892361,4.0110748103879175,3.0867418434072493,0.07477442634091568,0.4920521854605407,3.0,3.0,459.0,N467/1,,,False,N467/1,"N467/1.8 IM
N467/1.8 IM
N467/1.8 IM
N467/1.8 IM
N467/1.8 IM
N467/1.8 IM
N467/1.8 IM
N467/1.8 IM
N467/1.8 IM
N467/1.8 IM
N467/1.8","Immortality
Immortality
Immortality
Immortality
Immortality
Immortality
Immortality
Immortality
Immortality
Immortality
Immortality","3.0-6.0-4.0
3.0-6.0-4.0
3.0-6.0-4.0
3.0-6.0-4.0
3.0-6.0-4.0
3.0-6.0-4.0
3.0-6.0-4.0
3.0-6.0-4.0
3.0-6.0-4.0
3.0-6.0-4.0
7.0-3.0-8.0","4.0954087796394045
4.160197303177364
4.0110748103879175","4.006631884892361
3.0867418434072493
3.849503299192346","N467/1.8
N467/1.7
N467/1.8","N467/1.8
N467/1.7
N467/1.8","250
19832
19859","351
19928
19959",N467/1.8 IM,False
423,4.261592564641689,3.8624415669621985,4.310714952154294,3.9572240366371503,4.234925110777522,3.679718435653701,0.04259334511218632,0.15827984590814398,3.0,3.0,460.0,N468/37,,,False,N468/37,"N468/37.1
N468/37.1
N468/37.1
N468/37.1
N468/37.1
N468/37.1
N468/37.1
N468/37.1
N468/37.1
N468/37.1
N468/37.1
N468/37.1
N468/37.1
N468/37.1
N468/37.1
N468/37.1","Immortality
Immortality
Immortality
Immortality
Immortality
Immortality
Immortality
Immortality
Immortality
Immortality
Immortality
Immortality
Immortality
Immortality
Immortality
Immortality","5.0-14.0-1.0
5.0-14.0-1.0
5.0-14.0-1.0
5.0-14.0-1.0
5.0-14.0-1.0
5.0-14.0-1.0
5.0-14.0-1.0
5.0-14.0-1.0
5.0-14.0-6.0
5.0-14.0-6.0
5.0-16.0-4.0
5.0-16.0-4.0
7.0-7.0-3.0
7.0-7.0-3.0
7.0-7.0-3.0
7.0-7.0-3.0","4.310714952154294
4.234925110777522
4.2391376309932545","3.6797184356537014
3.9572240366371503
3.9503822285957457","N468/37.1
N468/37.5
N468/37.3","N468/37.1
N468/37.5
N468/37.3","259
20056
20789","360
20152
20877",,False
424,3.3907941802789403,4.140757031761103,3.5110922017757105,4.171538159350692,3.159637187249456,4.110445649078148,0.20024345304124336,0.030548963944104463,3.0,3.0,461.0,N469/28,,,False,N469/28,"N469/28.6
N469/28.6
N469/28.6
N469/28.6
N469/28.6
N469/28.6
N469/28.6
N469/28.6
N469/28.6
N469/28.6
N469/28.6
N469/28.6
N469/28.6
N469/28.6","Immortality
Immortality
Immortality
Immortality
Immortality
Immortality
Immortality
Immortality
Immortality
Immortality
Immortality
Immortality
Immortality
Immortality","0.0-E-9
0.0-E-9
0.0-E-9
0.0-E-9
0.0-E-9
0.0-E-9
0.0-E-9
0.0-E-9
0.0-E-9
0.0-E-9
0.0-E-9
0.0-E-9
3.0-4.0-7.0
3.0-4.0-7.0","3.159637187249456
3.501653151811653
3.5110922017757105","4.171538159350692
4.140287286854472
4.110445649078148","N469/28.6
N469/28.7
N469/28.8","N469/28.6
N469/28.7
N469/28.8","195
19489
19499","293
19624
19635",,False
425,3.491618553357839,3.486872657810143,3.4993767887163263,3.4926317567019254,3.483860317999352,3.481113558918361,0.0109718016640546,0.008144595759806202,2.0,2.0,462.0,N470/22,,,False,N470/22,"N470/22.1
N470/22.1
N470/22.1
N470/22.1
N470/22.1
N470/22.1
N470/22.1
N470/22.1","Immortality
Immortality
Immortality
Immortality
Immortality
Immortality
Immortality
Immortality","3.0-4.0-8.0
3.0-4.0-8.0
7.0-5.0-1.0
7.0-5.0-1.0
7.0-5.0-1.0
7.0-5.0-1.0
7.0-5.0-1.0
7.0-5.0-1.0","3.483860317999352
3.499376788716326","3.4926317567019254
3.481113558918361","N470/22.1
N470/22.1","N470/22.1
N470/22.1","260
19459","361
19592",,False
427,3.822225197604522,3.7657568217748016,3.9266920976612987,3.8372539370863152,3.7505494187697166,3.720329347839929,0.09253650120369332,0.06267024448443596,3.0,3.0,464.0,N472/88,,,False,N472/88,"N472/88.1 IM
N472/88.1 IM
N472/88.1 IM
N472/88.1 IM
N472/88.1 IM
N472/88.1 IM
N472/88.1 IM
N472/88.1 IM
N472/88.1 IM
N472/88.1 IM","Immortality
Immortality
Immortality
Immortality
Immortality
Immortality
Immortality
Immortality
Immortality
Immortality","3.0-6.0-4.0
3.0-6.0-4.0
3.0-6.0-4.0
3.0-6.0-4.0
3.0-6.0-4.0
3.0-6.0-4.0
3.0-6.0-4.0
3.0-6.0-4.0
3.0-6.0-4.0
3.0-6.0-4.0","3.926692097661298
3.7505494187697166
3.7894340763825514","3.739687180398162
3.837253937086315
3.720329347839929","N472/88.1
N472/88.1
N472/88.1","N472/88.1
N472/88.1
N472/88.1","276
19717
19867","376
19807
19972",N472/88.1 IM,False
430,3.6626086695120046,4.411277371398449,3.818684966311107,4.57067200900608,3.491112582451219,4.345780475143299,0.17947974264096542,0.1076611981765776,4.0,4.0,465.0,N476/9,,,False,N476/9,"N476/9.2
N476/9.2
N476/9.2
N476/9.2
N476/9.2
N476/9.2
N476/9.2
N476/9.2
N476/9.2
N476/9.2","Immortality
Immortality
Immortality
Immortality
Immortality
Immortality
Immortality
Immortality
Immortality
Immortality","3.0-1.0-9.0
3.0-1.0-9.0
3.0-1.0-9.0
3.0-1.0-9.0
3.0-1.0-9.0
3.0-1.0-9.0
3.0-1.0-9.0
3.0-4.0-8.0
3.0-4.0-8.0
3.0-4.0-8.0","3.5241177938003796
3.8165193354853124
3.491112582451219
3.818684966311106","4.382602990397363
4.346054011047054
4.3457804751433
4.5706720090060795","N476/9.2
N476/9.2
N476/9.2
N476/9.6","N476/9.2
N476/9.2
N476/9.2
N476/9.6","202
17411
19681
20511","300
17436
19770
20606",,False
286,4.306431472609835,3.2418169590025325,4.308518418210399,4.144747967326556,4.302585125659567,2.365440678775861,0.003335057713961353,0.9484546079580022,3.0,6.0,475.0,N295B/54,No DNA found,,False,N295B/54,"N295B/54
N295B/54
N295B/54.1
N295B/54.1
N295B/54.1
N295B/54.1
N295B/54.1
N295B/54.1 (tubes say N295B/66.1 and I believe this)
N295B/54.1 (tubes say N295B/66.1 and I believe this)","Immortality
Immortality
Immortality
Immortality
Immortality
Immortality
Immortality
Immortality
Immortality","1.0-8-7
1.0-8-7
3.0-5.0-5.0
3.0-5.0-5.0
3.0-5.0-5.0
3.0-5.0-5.0
3.0-5.0-5.0
3.0-6.0-10.0
3.0-6.0-12.0","4.308190873959541
4.308518418210399
4.302585125659566","4.093165690082961
2.365440678775861
4.084316843407249
2.384476843407249
4.144747967326557
2.3787537310153186","N295B/54.1
N295B/54.5
N295B/54.4","N295B/54.1
N295B/54.1
N295B/54.5
N295B/54.5
N295B/54.4
N295B/54.4","24089
24094
24098","24161
24162
24169
24170
24175
24176","N295B/54
N295B/54.1 (tubes say N295B/66.1 and I believe this)",False
205,3.035558421703625,3.146669532814736,3.035558421703625,3.146669532814736,3.035558421703625,3.146669532814736,,,1.0,1.0,476.0,N180/41,"DNA found, failed sequencing check",,False,N180/41,"N180/41
N180/41
N180/41.1","Immortality
Immortality
Immortality","1.0-8-7
1.0-8-7
3.0-5.0-3.0",3.035558421703625,3.1466695328147356,N180/41.1,N180/41.1,17059,17166,N180/41,False
