,entry__pk,Heavy,Light
0,A12/18,2.0,2.0
1,D3/71,1.0,1.0
2,D4/11,1.0,1.0
3,D4/112,1.0,
4,D4/152,1.0,1.0
5,D4/154,1.0,1.0
6,D4/16,1.0,1.0
7,D4/27,1.0,1.0
8,D4/40,1.0,1.0
9,D4/49,1.0,
10,K13/31,1.0,1.0
11,K14/16,1.0,1.0
12,K14/39,1.0,1.0
13,K17/24,1.0,1.0
14,K17/70,1.0,1.0
15,K19/13,1.0,1.0
16,K19/2,1.0,
17,K19/36,1.0,1.0
18,K19/46,1.0,1.0
19,K20/77,1.0,1.0
20,K20/78,1.0,1.0
21,K21/1,1.0,
22,K25/59,,1.0
23,K25/73,1.0,1.0
24,K28/25,1.0,1.0
25,K28/27,1.0,1.0
26,K28/37,1.0,1.0
27,K28/38,1.0,1.0
28,K28/42,1.0,1.0
29,K28/43,1.0,1.0
30,K28/58,1.0,1.0
31,K28/74,1.0,1.0
32,K28/77,1.0,1.0
33,K28/86,1.0,1.0
34,K28/91,1.0,1.0
35,K28/94,1.0,1.0
36,K29/7,1.0,1.0
37,K35/43,1.0,1.0
38,K35/57,1.0,1.0
39,K35/65,1.0,1.0
40,K35/7,1.0,1.0
41,K35/85,1.0,1.0
42,K35/90,1.0,
43,K36/15,1.0,1.0
44,K37/89,1.0,1.0
45,K39/25,1.0,1.0
46,K39/6,1.0,1.0
47,K4/209,1.0,1.0
48,K40/17,1.0,1.0
49,K47/34,1.0,1.0
50,K47/40,1.0,1.0
51,K47/42,1.0,1.0
52,K47/43,1.0,1.0
53,K47/9,1.0,1.0
54,K48/16,1.0,
55,K48/18,1.0,
56,K50/27,1.0,1.0
57,K50/36,1.0,1.0
58,K50/5,1.0,1.0
59,K51/1,1.0,1.0
60,K52/1,,1.0
61,K53/33,1.0,1.0
62,K53/6,1.0,1.0
63,K54/22,1.0,1.0
64,K55/29,1.0,1.0
65,K55/59,1.0,1.0
66,K55/7,1.0,2.0
67,K55/82,1.0,1.0
68,K55/9,1.0,1.0
69,K56A/50,1.0,1.0
70,K56A/57,1.0,1.0
71,K56A/95,1.0,1.0
72,K57/1,1.0,1.0
73,K57/27,1.0,1.0
74,K57/41,1.0,1.0
75,K57/47,1.0,1.0
76,K57/48,1.0,1.0
77,K58/35,1.0,1.0
78,K59/11,1.0,1.0
79,K59/14,1.0,1.0
80,K59/19,1.0,1.0
81,K60/1,1.0,1.0
82,K60/35,1.0,1.0
83,K60/41,1.0,1.0
84,K60/73,1.0,1.0
85,K60/87,1.0,1.0
86,K63/35,1.0,1.0
87,K63/39,1.0,1.0
88,K64/15,1.0,1.0
89,K64/21,1.0,1.0
90,K64/23,1.0,1.0
91,K64/29,1.0,1.0
92,K64/35,1.0,1.0
93,K65/11,,1.0
94,K65/31,1.0,1.0
95,K65/35,1.0,1.0
96,K65/36,1.0,1.0
97,K65A/2,1.0,1.0
98,K65A/30,1.0,1.0
99,K65A/41,1.0,1.0
100,K65A/43,1.0,1.0
101,K66/27,1.0,1.0
102,K66/29,1.0,1.0
103,K66/38,1.0,1.0
104,K66/59,1.0,1.0
105,K67/11,1.0,1.0
106,K67/21,1.0,1.0
107,K67/25,1.0,1.0
108,K68/86,1.0,1.0
109,K68/9,2.0,2.0
110,K69/3,1.0,2.0
111,K69/33,1.0,1.0
112,K7/25,1.0,1.0
113,K7/45,1.0,1.0
114,K72/2,1.0,1.0
115,K72/8,1.0,1.0
116,K73/20,1.0,1.0
117,K74/53,1.0,1.0
118,K74/71,1.0,1.0
119,K75/18,1.0,1.0
120,K75/30,1.0,1.0
121,K75/36,1.0,1.0
122,K75/41,1.0,1.0
123,K77/117,,1.0
124,K77/236,,1.0
125,K78/23,1.0,1.0
126,K78/29,1.0,1.0
127,K78/37,1.0,1.0
128,K78/47,1.0,1.0
129,K78/48,1.0,
130,K8/1,1.0,
131,K82/36,1.0,1.0
132,K82/38,,1.0
133,K87A/10,1.0,1.0
134,K88/26,1.0,1.0
135,K88/64,1.0,1.0
136,K88/70,1.0,1.0
137,K89/19,,1.0
138,K89/34,1.0,1.0
139,K89/41,1.0,1.0
140,K9/40,1.0,1.0
141,K9/62,1.0,
142,K9/66,1.0,
143,K9/68,1.0,
144,K9/80,1.0,
145,K90/28,1.0,1.0
146,K90/6,1.0,1.0
147,K90A/16,1.0,1.0
148,K91/2,1.0,1.0
149,K91/20,1.0,1.0
150,K91/21,1.0,1.0
151,K92/24,1.0,1.0
152,K93X/1,1.0,
153,K93X/22,1.0,
154,K96/25,,1.0
155,K96/7,1.0,1.0
156,K97/15,1.0,1.0
157,K97/25,1.0,1.0
158,K97/71,1.0,1.0
159,K99/3,,1.0
160,L1/6,,1.0
161,L10/2,1.0,1.0
162,L10/28,,1.0
163,L10/3,1.0,
164,L10/40,1.0,
165,L10/48,1.0,1.0
166,L100/1,1.0,1.0
167,L100/30,1.0,1.0
168,L100/75,1.0,1.0
169,L102/45,1.0,1.0
170,L102/47,,1.0
171,L102/71,1.0,1.0
172,L103/12,1.0,1.0
173,L103/13,1.0,1.0
174,L103/15,1.0,1.0
175,L103/16,1.0,1.0
176,L103/30,1.0,1.0
177,L103/88,1.0,1.0
178,L105/28,,1.0
179,L105/3,1.0,1.0
180,L105/31,1.0,1.0
181,L105/92,1.0,
182,L106/22,1.0,1.0
183,L106/23,1.0,1.0
184,L106/3,1.0,1.0
185,L106/4,1.0,1.0
186,L106/83,1.0,1.0
187,L106/93,1.0,2.0
188,L106/94,,1.0
189,L107/24,,1.0
190,L107/39,1.0,1.0
191,L107/50,1.0,1.0
192,L107/89,,1.0
193,L107/90,1.0,1.0
194,L107/93,1.0,
195,L107/95,1.0,1.0
196,L108/17,1.0,1.0
197,L108/40,1.0,1.0
198,L108/49,1.0,1.0
199,L108/71,1.0,1.0
200,L108/72,1.0,1.0
201,L108/90,1.0,1.0
202,L108/92,1.0,1.0
203,L108/95,1.0,1.0
204,L109/27,1.0,1.0
205,L109/28,1.0,1.0
206,L109/39,1.0,
207,L109/43,1.0,1.0
208,L109/49,1.0,1.0
209,L109/57,1.0,1.0
210,L109/62,1.0,1.0
211,L109/75,,1.0
212,L109/87,,1.0
213,L11/21,1.0,1.0
214,L110/143,1.0,1.0
215,L110/52,1.0,1.0
216,L110/55,1.0,1.0
217,L111/118,1.0,1.0
218,L111/43,1.0,1.0
219,L111/73,1.0,1.0
220,L112/12,1.0,
221,L112/22,1.0,1.0
222,L112/26,1.0,1.0
223,L112/49,1.0,
224,L113/13,1.0,1.0
225,L113/130,1.0,1.0
226,L113/26,1.0,1.0
227,L113/27,1.0,1.0
228,L113/28,1.0,1.0
229,L113/29,1.0,1.0
230,L113/44,1.0,1.0
231,L113/60,1.0,1.0
232,L113/62,1.0,1.0
233,L114/13,,1.0
234,L114/3,1.0,1.0
235,L114/38,1.0,1.0
236,L114/81,1.0,2.0
237,L115/123,1.0,1.0
238,L115/125,1.0,1.0
239,L115/13,1.0,1.0
240,L115/62,1.0,1.0
241,L116/104,1.0,1.0
242,L116/34,1.0,
243,L117/1,1.0,1.0
244,L117/141,,1.0
245,L117/52,1.0,1.0
246,L117/65,1.0,
247,L118/103,1.0,1.0
248,L118/135,1.0,1.0
249,L118/14,1.0,1.0
250,L118/36,1.0,1.0
251,L118/66,1.0,1.0
252,L118/80,1.0,1.0
253,L119/106,1.0,1.0
254,L119/134,1.0,2.0
255,L119/40,1.0,1.0
256,L11A/41,1.0,1.0
257,L12/30,1.0,1.0
258,L12/33,1.0,1.0
259,L120/12,1.0,1.0
260,L120/30,1.0,1.0
261,L120/72,1.0,1.0
262,L120/86,1.0,1.0
263,L120/9,1.0,1.0
264,L120/90,1.0,1.0
265,L120/91,,1.0
266,L121/133,1.0,1.0
267,L121/136,1.0,1.0
268,L121/25,1.0,1.0
269,L121/42,1.0,1.0
270,L122/110,1.0,1.0
271,L122/116,1.0,
272,L122/117,1.0,1.0
273,L122/120,1.0,
274,L122/123,1.0,1.0
275,L122/128,1.0,1.0
276,L122/129,1.0,1.0
277,L122/130,1.0,
278,L122/131,1.0,1.0
279,L122/132,1.0,1.0
280,L122/133,1.0,1.0
281,L122/135,1.0,1.0
282,L122/136,1.0,1.0
283,L122/141,1.0,1.0
284,L122/144,1.0,1.0
285,L122/15,1.0,
286,L122/2,1.0,1.0
287,L122/20,1.0,1.0
288,L122/27,1.0,
289,L122/3,1.0,1.0
290,L122/30,1.0,1.0
291,L122/4,1.0,
292,L122/43,1.0,1.0
293,L122/5,1.0,
294,L122/55,1.0,1.0
295,L122/58,,1.0
296,L122/6,1.0,1.0
297,L122/61,1.0,1.0
298,L122/68,1.0,1.0
299,L122/88,1.0,1.0
300,L123/109,1.0,1.0
301,L123/46,1.0,1.0
302,L123/53,1.0,1.0
303,L123/67,1.0,1.0
304,L124/107,1.0,1.0
305,L124/11,1.0,1.0
306,L124/114,1.0,1.0
307,L124/14,1.0,1.0
308,L124/20,,1.0
309,L124/25,1.0,1.0
310,L124/35,1.0,1.0
311,L124/39,1.0,1.0
312,L124/4,1.0,1.0
313,L124/41,1.0,1.0
314,L124/56,1.0,1.0
315,L124/59,1.0,1.0
316,L124/68,1.0,
317,L124/80,1.0,1.0
318,L124/9,1.0,1.0
319,L125/115,1.0,1.0
320,L125/121,1.0,1.0
321,L125/129,1.0,1.0
322,L125/18,1.0,1.0
323,L125/76,1.0,1.0
324,L126/113,1.0,1.0
325,L126/93,1.0,1.0
326,L126/97,1.0,1.0
327,L127/106,1.0,1.0
328,L127/12,1.0,1.0
329,L127/8,1.0,1.0
330,L127/90,1.0,1.0
331,L128/124,,1.0
332,L128/15,1.0,1.0
333,L128/18,1.0,1.0
334,L128/43,1.0,1.0
335,L128/89,1.0,1.0
336,L129/11,1.0,1.0
337,L129/117,1.0,1.0
338,L129/123,,1.0
339,L129/14,1.0,1.0
340,L129/19,1.0,
341,L129/23,1.0,1.0
342,L129/27,1.0,1.0
343,L129/57,1.0,1.0
344,L129/6,1.0,1.0
345,L129/62,1.0,1.0
346,L129/86,,1.0
347,L129/88,1.0,1.0
348,L129/93,1.0,1.0
349,L129/96,1.0,1.0
350,L130/1,1.0,1.0
351,L130/119,1.0,1.0
352,L130/27,1.0,1.0
353,L130/49,1.0,1.0
354,L131/17,1.0,1.0
355,L131/20,1.0,1.0
356,L131/27,1.0,1.0
357,L131/42,1.0,1.0
358,L131/60,1.0,1.0
359,L132/18,1.0,1.0
360,L132/37,1.0,1.0
361,L132/68,1.0,1.0
362,L132/76,1.0,1.0
363,L132/80,1.0,1.0
364,L14/2,,1.0
365,L16/24,1.0,
366,L16/33,1.0,
367,L16/45,1.0,1.0
368,L17/75,1.0,1.0
369,L18A/3,1.0,1.0
370,L20/23,1.0,1.0
371,L20/26,1.0,1.0
372,L20/41,1.0,1.0
373,L20/8,1.0,1.0
374,L21/32,1.0,1.0
375,L23/27,1.0,1.0
376,L24/1,1.0,1.0
377,L24/11,1.0,1.0
378,L24/18,1.0,1.0
379,L24/19,1.0,1.0
380,L24/20,1.0,1.0
381,L24/21,1.0,1.0
382,L24/24,,1.0
383,L28/36,1.0,1.0
384,L28/4,1.0,1.0
385,L28/9,2.0,1.0
386,L3/19,1.0,1.0
387,L3/8,1.0,1.0
388,L30/1,1.0,1.0
389,L30/26,1.0,1.0
390,L30/34,1.0,1.0
391,L30/45,1.0,2.0
392,L30/8,1.0,1.0
393,L32/12,1.0,1.0
394,L32/17,1.0,1.0
395,L33/33,1.0,1.0
396,L36/12,1.0,1.0
397,L38/1,1.0,1.0
398,L38/11,1.0,1.0
399,L38/20,1.0,1.0
400,L38/3,1.0,1.0
401,L39/15,,1.0
402,L4/25,,2.0
403,L4/6,1.0,1.0
404,L42/17,1.0,1.0
405,L43/40,1.0,1.0
406,L43/6,1.0,1.0
407,L45/1,1.0,1.0
408,L45/30,1.0,1.0
409,L46/39,1.0,1.0
410,L46/41,1.0,1.0
411,L46/45,1.0,1.0
412,L47/41,1.0,
413,L48A/29,1.0,1.0
414,L48A/31,1.0,1.0
415,L48A/9,1.0,1.0
416,L5/1,1.0,1.0
417,L51/57,1.0,1.0
418,L51/73,1.0,1.0
419,L51/74,1.0,1.0
420,L51/80,1.0,1.0
421,L51/82,1.0,1.0
422,L55/10,1.0,1.0
423,L55/11,1.0,1.0
424,L55/25,1.0,1.0
425,L55/3,1.0,1.0
426,L55/54,1.0,1.0
427,L55/6,1.0,
428,L57/23,1.0,1.0
429,L57/46,1.0,1.0
430,L57/47,1.0,1.0
431,L57/9,1.0,2.0
432,L58A/1,1.0,1.0
433,L58A/13,1.0,1.0
434,L58A/18,1.0,1.0
435,L58A/6,1.0,1.0
436,L6/2,1.0,1.0
437,L6/23,1.0,1.0
438,L6/25,1.0,1.0
439,L6/43,1.0,1.0
440,L6/47,1.0,1.0
441,L6/48,1.0,1.0
442,L6/54,1.0,
443,L6/55,1.0,1.0
444,L6/60,1.0,1.0
445,L6/67,1.0,1.0
446,L60/14,1.0,1.0
447,L60/2,1.0,1.0
448,L60/4,1.0,1.0
449,L61/14,1.0,1.0
450,L61C/25,1.0,1.0
451,L61C/30,1.0,1.0
452,L61C/7,1.0,1.0
453,L62/29,1.0,1.0
454,L63/22,1.0,1.0
455,L63/30,1.0,1.0
456,L63/48,,1.0
457,L64/1,1.0,
458,L64/17,1.0,
459,L64/32,1.0,1.0
460,L64/4,1.0,
461,L66/9,1.0,1.0
462,L67/53,,1.0
463,L68/1,1.0,1.0
464,L68/4,,1.0
465,L69/42,,1.0
466,L7/1,,1.0
467,L7/2,,1.0
468,L7/3,1.0,1.0
469,L7/4,,1.0
470,L7/5,,1.0
471,L7/8,,1.0
472,L70A/1,1.0,1.0
473,L71/22,1.0,1.0
474,L71/5,1.0,1.0
475,L72/1,,1.0
476,L72/13,,1.0
477,L72/14,,1.0
478,L72/5,,1.0
479,L72/6,,1.0
480,L75/6,,1.0
481,L76/36,1.0,1.0
482,L76/44,2.0,1.0
483,L76/49,1.0,1.0
484,L76/53,1.0,
485,L76/72,1.0,
486,L76/89,1.0,1.0
487,L8/15,1.0,1.0
488,L8/21,1.0,1.0
489,L8/23,1.0,1.0
490,L8/4,1.0,1.0
491,L80/21,1.0,1.0
492,L83/11,1.0,1.0
493,L83/81,1.0,1.0
494,L85/23,1.0,1.0
495,L85/3,1.0,1.0
496,L85/39,1.0,
497,L85/44,1.0,1.0
498,L86/14,1.0,1.0
499,L86/2,1.0,1.0
500,L86/33,1.0,2.0
501,L86/36,1.0,1.0
502,L86A/37,1.0,1.0
503,L86A/43,1.0,1.0
504,L87/37,1.0,1.0
505,L88/86,,1.0
506,L89/24,,1.0
507,L89/71,,1.0
508,L9/30,1.0,2.0
509,L9/41,1.0,1.0
510,L9/42,1.0,1.0
511,L9/48,1.0,1.0
512,L92/21,1.0,1.0
513,L92/70,,1.0
514,L94/54,1.0,1.0
515,L95A/42,1.0,1.0
516,L95A/60,1.0,1.0
517,L95A/61,1.0,1.0
518,L96/162,1.0,2.0
519,L96/86,1.0,1.0
520,L97A/35,1.0,1.0
521,L97A/49,1.0,
522,L98/11,,1.0
523,L98/12,1.0,
524,L98/14,1.0,
525,N1/12,1.0,1.0
526,N1/49,1.0,1.0
527,N1/52,1.0,1.0
528,N1/66,1.0,1.0
529,N10/13,1.0,1.0
530,N10/17,1.0,1.0
531,N10/7,1.0,1.0
532,N10/9,1.0,1.0
533,N100/13,1.0,1.0
534,N101/22,,1.0
535,N101/38,,2.0
536,N101A/28,,1.0
537,N102/38,,1.0
538,N102A/33,,1.0
539,N103/1,1.0,1.0
540,N103/31,1.0,2.0
541,N103/38,1.0,1.0
542,N103/39,1.0,1.0
543,N103A/37,1.0,1.0
544,N104/18,1.0,
545,N104/23,1.0,1.0
546,N104/32,1.0,1.0
547,N104/37,1.0,1.0
548,N105/13,1.0,1.0
549,N105/17,1.0,
550,N105/2,1.0,1.0
551,N106/20,1.0,1.0
552,N106/30,1.0,1.0
553,N106/36,1.0,2.0
554,N106/43,1.0,1.0
555,N106/44,1.0,1.0
556,N106/56,1.0,1.0
557,N106/65,1.0,
558,N108/13,1.0,1.0
559,N108/20,,1.0
560,N108/35,1.0,1.0
561,N108/54,1.0,1.0
562,N11/33,1.0,1.0
563,N110/15,1.0,1.0
564,N110/22,1.0,1.0
565,N110/29,1.0,1.0
566,N110/5,1.0,1.0
567,N111/24,1.0,1.0
568,N111/27,1.0,1.0
569,N111/48,1.0,1.0
570,N112/16,1.0,1.0
571,N112B/14,1.0,1.0
572,N112B/22,1.0,1.0
573,N112B/29,1.0,1.0
574,N112B/30,1.0,1.0
575,N112B/7,1.0,1.0
576,N114/10,1.0,1.0
577,N114/6,1.0,1.0
578,N115/14,1.0,1.0
579,N116/10,1.0,1.0
580,N116/14,1.0,1.0
581,N116/26,1.0,1.0
582,N116/31,1.0,1.0
583,N116/6,1.0,
584,N117/1,1.0,1.0
585,N117/11,1.0,1.0
586,N117/19,1.0,1.0
587,N117/20,1.0,1.0
588,N117/3,1.0,1.0
589,N117/9,1.0,1.0
590,N118/6,1.0,1.0
591,N119/13,1.0,1.0
592,N119/24,1.0,1.0
593,N119/33,1.0,1.0
594,N119/44,1.0,1.0
595,N119/46,1.0,1.0
596,N120A/9,1.0,1.0
597,N121/3,,1.0
598,N121A/1,1.0,1.0
599,N121A/15,1.0,1.0
600,N121A/31,1.0,1.0
601,N121A/40,1.0,1.0
602,N122A/17,1.0,1.0
603,N122A/2,,1.0
604,N122A/29,,1.0
605,N122A/35,,1.0
606,N123/19,1.0,1.0
607,N123/23,1.0,
608,N123/37,1.0,1.0
609,N124B/23,1.0,1.0
610,N124B/38,1.0,1.0
611,N125/10,1.0,1.0
612,N125/14,1.0,1.0
613,N125/23,1.0,1.0
614,N125/28,1.0,1.0
615,N125/7,1.0,1.0
616,N126/13,1.0,1.0
617,N126B/17,1.0,1.0
618,N126B/31,1.0,1.0
619,N126B/32,1.0,1.0
620,N126B/36,1.0,1.0
621,N126B/40,1.0,1.0
622,N126B/42,1.0,1.0
623,N126B/43,1.0,1.0
624,N127/2,1.0,1.0
625,N127/24,1.0,
626,N127/27,1.0,1.0
627,N127/31,1.0,1.0
628,N127/7,1.0,1.0
629,N128A/2,1.0,1.0
630,N128A/4,1.0,1.0
631,N129/15,1.0,1.0
632,N129/26,1.0,1.0
633,N129A/24,1.0,1.0
634,N129A/28,1.0,1.0
635,N129A/29,1.0,1.0
636,N129A/6,1.0,1.0
637,N131A/19,,1.0
638,N131A/38,1.0,1.0
639,N131A/8,1.0,1.0
640,N132/14,,1.0
641,N132A/1,1.0,1.0
642,N132A/12,1.0,1.0
643,N132A/15,1.0,1.0
644,N132A/20,1.0,1.0
645,N133/11,1.0,1.0
646,N133/21,1.0,1.0
647,N133/35,1.0,1.0
648,N133/40,1.0,1.0
649,N133/53,1.0,1.0
650,N133/55,1.0,
651,N133/63,1.0,1.0
652,N133/8,1.0,1.0
653,N134/12,1.0,1.0
654,N134/18,1.0,1.0
655,N134/30,1.0,1.0
656,N134/33,1.0,1.0
657,N135/13,1.0,1.0
658,N135/15,1.0,1.0
659,N135/22,1.0,1.0
660,N135/37,1.0,1.0
661,N136/16,1.0,1.0
662,N136A/18,1.0,1.0
663,N136A/35,,1.0
664,N136A/9,,1.0
665,N137/14,2.0,
666,N137/38,1.0,1.0
667,N137A/1,1.0,1.0
668,N137A/10,1.0,1.0
669,N137A/3,1.0,1.0
670,N138/1,1.0,1.0
671,N138/28,,1.0
672,N138/41,1.0,
673,N138/6,1.0,1.0
674,N138A/31,1.0,1.0
675,N138A/53,1.0,1.0
676,N139/1,1.0,1.0
677,N139/17,1.0,1.0
678,N139/2,1.0,1.0
679,N140/28,,1.0
680,N140A/12,1.0,1.0
681,N140A/18,,1.0
682,N140A/4,1.0,1.0
683,N141/16,1.0,1.0
684,N141/21,1.0,1.0
685,N141/28,1.0,1.0
686,N142/28,1.0,1.0
687,N142/3,1.0,1.0
688,N142A/27,,1.0
689,N142A/28,1.0,1.0
690,N143/36,2.0,2.0
691,N143/38,1.0,1.0
692,N143/42,1.0,1.0
693,N144/10,1.0,1.0
694,N144/14,1.0,1.0
695,N144/16,1.0,1.0
696,N144/17,1.0,1.0
697,N144/18,1.0,1.0
698,N144/22,1.0,1.0
699,N144/3,1.0,1.0
700,N144/31,1.0,1.0
701,N144/32,1.0,1.0
702,N144/35,1.0,1.0
703,N144/5,1.0,1.0
704,N144/6,1.0,1.0
705,N145/16,1.0,1.0
706,N145/20,1.0,1.0
707,N145/27,1.0,1.0
708,N146/18,1.0,1.0
709,N146/19,1.0,1.0
710,N146/23,1.0,1.0
711,N146/25,1.0,1.0
712,N147/6,2.0,2.0
713,N147A/13,1.0,1.0
714,N147A/32,,1.0
715,N147A/34,1.0,
716,N147A/35,1.0,1.0
717,N148/10,1.0,1.0
718,N148/14,1.0,1.0
719,N148/27,1.0,
720,N148/30,1.0,1.0
721,N149/14,1.0,1.0
722,N149/25,1.0,1.0
723,N15/27,1.0,
724,N15/39,1.0,1.0
725,N15/4,1.0,1.0
726,N150/21,1.0,1.0
727,N150/23,1.0,1.0
728,N150/40,1.0,1.0
729,N151/3,1.0,1.0
730,N152B/1,1.0,1.0
731,N152B/22,1.0,1.0
732,N152B/23,1.0,1.0
733,N153/5,1.0,1.0
734,N154/30,1.0,1.0
735,N154/32,1.0,1.0
736,N155/18,1.0,1.0
737,N155/26,1.0,1.0
738,N155/9,1.0,1.0
739,N156/12,1.0,1.0
740,N156/17,1.0,1.0
741,N156/19,1.0,2.0
742,N156/31,1.0,1.0
743,N157/10,1.0,
744,N157/9,1.0,1.0
745,N158/15,1.0,1.0
746,N158/19,1.0,1.0
747,N158/28,1.0,1.0
748,N158/30,1.0,1.0
749,N158/32,1.0,1.0
750,N158/9,1.0,1.0
751,N159/2,1.0,1.0
752,N159/5,1.0,1.0
753,N160/18,1.0,1.0
754,N160/21,1.0,1.0
755,N161/1,1.0,1.0
756,N161/20,1.0,1.0
757,N161/25,,1.0
758,N162A/21,1.0,1.0
759,N162A/6,1.0,1.0
760,N162A/9,1.0,1.0
761,N163A/49,,1.0
762,N164/11,1.0,1.0
763,N164/3,1.0,1.0
764,N164/51,1.0,1.0
765,N164/6,1.0,1.0
766,N164/7,1.0,1.0
767,N165/38,1.0,1.0
768,N165/43,1.0,1.0
769,N165/56,1.0,1.0
770,N165/64,1.0,1.0
771,N165/67,1.0,1.0
772,N166A/17,1.0,1.0
773,N166A/26,1.0,1.0
774,N166A/5,1.0,1.0
775,N166A/52,1.0,1.0
776,N166A/8,1.0,1.0
777,N167/12,1.0,1.0
778,N167/13,1.0,1.0
779,N167/2,,1.0
780,N167/7,1.0,1.0
781,N168/2,1.0,1.0
782,N168/6,1.0,1.0
783,N16B/8,1.0,1.0
784,N17/1,1.0,1.0
785,N17/27,1.0,1.0
786,N170A/1,1.0,1.0
787,N170A/26,1.0,1.0
788,N171/10,1.0,1.0
789,N171/11,1.0,
790,N171/17,1.0,1.0
791,N171/23,1.0,1.0
792,N171/33,1.0,1.0
793,N172A/10,1.0,
794,N172A/28,,1.0
795,N172A/35,1.0,1.0
796,N172A/38,,1.0
797,N172A/41,1.0,1.0
798,N173B/13,1.0,1.0
799,N174A/15,1.0,1.0
800,N174A/6,1.0,1.0
801,N174B/27,1.0,1.0
802,N174B/8,1.0,2.0
803,N175/5,,1.0
804,N175/9,,1.0
805,N176A/12,1.0,1.0
806,N176A/24,1.0,1.0
807,N176A/3,1.0,1.0
808,N176A/35,1.0,1.0
809,N176A/36,,1.0
810,N177A/17,1.0,1.0
811,N177A/41,1.0,1.0
812,N178A/22,1.0,1.0
813,N178A/23,1.0,1.0
814,N178A/36,1.0,1.0
815,N178A/9,1.0,1.0
816,N179/14,1.0,1.0
817,N179/19,1.0,1.0
818,N179/30,1.0,1.0
819,N179/6,1.0,1.0
820,N179/8,1.0,1.0
821,N18/2,1.0,1.0
822,N18/20,1.0,1.0
823,N18/22,1.0,1.0
824,N18/28,1.0,1.0
825,N18/30,1.0,1.0
826,N18/9,1.0,1.0
827,N180/21,1.0,1.0
828,N180/41,1.0,1.0
829,N180/8,1.0,
830,N181/25,1.0,1.0
831,N182/11,1.0,1.0
832,N182/17,1.0,1.0
833,N182/6,1.0,1.0
834,N183/13,1.0,1.0
835,N183/15,1.0,1.0
836,N183/27,1.0,1.0
837,N183/29,,1.0
838,N183/4,1.0,1.0
839,N184/1,1.0,1.0
840,N184/12,1.0,1.0
841,N184/18,1.0,1.0
842,N184/3,1.0,
843,N184/9,1.0,2.0
844,N185/41,1.0,1.0
845,N185/6,1.0,1.0
846,N185/7,1.0,1.0
847,N186/26,1.0,1.0
848,N186/29,1.0,1.0
849,N186/31,1.0,1.0
850,N186/6,1.0,1.0
851,N186/8,1.0,1.0
852,N186A/30,1.0,1.0
853,N186A/4,1.0,1.0
854,N188/19,1.0,
855,N188/35,,1.0
856,N188/39,1.0,1.0
857,N188/40,1.0,1.0
858,N188/6,1.0,1.0
859,N189/43,1.0,
860,N189A/19,1.0,1.0
861,N189A/4,1.0,1.0
862,N189C/59,1.0,1.0
863,N189C/95,1.0,1.0
864,N19/15,1.0,1.0
865,N19/17,1.0,1.0
866,N19/2,1.0,1.0
867,N191/46,1.0,
868,N191/6,1.0,1.0
869,N191/7,1.0,1.0
870,N192/12,1.0,1.0
871,N192/20,1.0,1.0
872,N192/24,1.0,1.0
873,N193A/13,1.0,1.0
874,N194/11,1.0,1.0
875,N194/17,1.0,1.0
876,N194/23,,1.0
877,N194/5,1.0,1.0
878,N194/8,1.0,1.0
879,N195/1,1.0,1.0
880,N195A/16,1.0,1.0
881,N195A/22,1.0,1.0
882,N195A/44,1.0,1.0
883,N196/12,1.0,1.0
884,N196/14,1.0,
885,N196/16,1.0,1.0
886,N196/22,1.0,1.0
887,N196/3,1.0,1.0
888,N196/41,1.0,1.0
889,N196/44,1.0,1.0
890,N196/45,1.0,1.0
891,N196/9,1.0,1.0
892,N198/17,1.0,1.0
893,N2/16,1.0,1.0
894,N200/13,1.0,1.0
895,N200/22,1.0,1.0
896,N200/37,1.0,1.0
897,N200/7,1.0,1.0
898,N201/11,1.0,1.0
899,N201/15,1.0,1.0
900,N201/3,1.0,1.0
901,N201/31,1.0,1.0
902,N201/35,1.0,1.0
903,N201/4,1.0,1.0
904,N201/42,1.0,1.0
905,N202/38,1.0,1.0
906,N202/7,1.0,1.0
907,N205/36,1.0,1.0
908,N205B/22,1.0,1.0
909,N206/15,1.0,
910,N206/25,1.0,1.0
911,N206A/26,1.0,
912,N206A/8,1.0,1.0
913,N206B/20,,1.0
914,N206B/9,1.0,1.0
915,N207/27,1.0,1.0
916,N207/3,1.0,1.0
917,N207/5,1.0,1.0
918,N208/15,1.0,1.0
919,N208/25,1.0,1.0
920,N208/43,1.0,1.0
921,N209A/33,1.0,1.0
922,N209B/31,1.0,
923,N209C/35,1.0,1.0
924,N209C/77,1.0,1.0
925,N21/13,1.0,1.0
926,N21/32,1.0,1.0
927,N210/25,1.0,1.0
928,N210/27,1.0,1.0
929,N210/35,1.0,1.0
930,N210/5,1.0,1.0
931,N210/9,1.0,1.0
932,N211A/10,1.0,1.0
933,N211A/33,1.0,1.0
934,N212/17,1.0,1.0
935,N212/27,1.0,1.0
936,N212/3,1.0,1.0
937,N212/7,1.0,1.0
938,N212A/34,1.0,1.0
939,N215/1,,1.0
940,N215/13,1.0,1.0
941,N215/16,,1.0
942,N215/22,1.0,1.0
943,N215/26,1.0,1.0
944,N215/4,1.0,1.0
945,N216/30,1.0,1.0
946,N217/19,1.0,1.0
947,N218/16,1.0,1.0
948,N218A/13,,1.0
949,N218A/14,,1.0
950,N218A/16,,1.0
951,N219/16,1.0,1.0
952,N219/19,1.0,1.0
953,N219/30,1.0,1.0
954,N219/5,1.0,1.0
955,N22/18,1.0,1.0
956,N22/21,1.0,1.0
957,N221/12,1.0,1.0
958,N221/17,1.0,1.0
959,N222/16,1.0,1.0
960,N222/21,1.0,1.0
961,N222/24,1.0,1.0
962,N222/3,1.0,1.0
963,N222/38,1.0,1.0
964,N222/6,1.0,1.0
965,N222/9,1.0,1.0
966,N223A/10,1.0,1.0
967,N223A/15,1.0,
968,N223A/42,1.0,1.0
969,N223A/51,1.0,1.0
970,N223A/65,1.0,1.0
971,N224/11,1.0,1.0
972,N224/14,1.0,1.0
973,N224/15,1.0,1.0
974,N224/18,1.0,1.0
975,N224/20,1.0,1.0
976,N224/25,1.0,1.0
977,N224/3,1.0,1.0
978,N225/28,1.0,1.0
979,N225A/10,1.0,1.0
980,N225A/13,1.0,1.0
981,N225A/25,1.0,1.0
982,N226/13,,1.0
983,N226/21,,1.0
984,N227/11,1.0,
985,N227/12,1.0,1.0
986,N227/21,1.0,1.0
987,N227A/30,1.0,
988,N228A/16,1.0,1.0
989,N229/23,1.0,1.0
990,N229A/32,1.0,1.0
991,N229A/37,1.0,
992,N229A/89,1.0,1.0
993,N23/4,1.0,1.0
994,N230/2,1.0,1.0
995,N230/21,1.0,2.0
996,N230/7,1.0,1.0
997,N230/8,1.0,1.0
998,N231A/3,1.0,1.0
999,N231A/41,1.0,1.0
1000,N231B/34,2.0,1.0
1001,N232/18,1.0,1.0
1002,N232/21,1.0,1.0
1003,N232/22,1.0,1.0
1004,N232/5,1.0,1.0
1005,N232/58,1.0,1.0
1006,N232/9,1.0,1.0
1007,N233/22,1.0,1.0
1008,N233/38,1.0,1.0
1009,N233/8,1.0,1.0
1010,N234/33,1.0,1.0
1011,N235/11,1.0,1.0
1012,N235/14,1.0,1.0
1013,N235/20,1.0,1.0
1014,N235/22,1.0,1.0
1015,N237/19,1.0,1.0
1016,N237/2,1.0,1.0
1017,N237/22,1.0,1.0
1018,N237/24,1.0,1.0
1019,N237/3,1.0,1.0
1020,N237/4,1.0,1.0
1021,N237/8,1.0,1.0
1022,N238/24,1.0,1.0
1023,N238/25,1.0,1.0
1024,N238/29,1.0,1.0
1025,N238/30,1.0,1.0
1026,N238/31,1.0,1.0
1027,N238/41,1.0,1.0
1028,N238/9,1.0,1.0
1029,N239A/28,1.0,1.0
1030,N239A/29,1.0,1.0
1031,N239A/3,1.0,1.0
1032,N23B/24,1.0,1.0
1033,N23B/49,1.0,1.0
1034,N23B/6,1.0,1.0
1035,N23B/69,1.0,1.0
1036,N23B/9,1.0,1.0
1037,N24/1,1.0,
1038,N240/17,1.0,1.0
1039,N240/18,1.0,1.0
1040,N241/1,1.0,1.0
1041,N241/10,1.0,1.0
1042,N241/23,1.0,1.0
1043,N241/33,1.0,1.0
1044,N241/35,1.0,1.0
1045,N241A/17,1.0,1.0
1046,N241A/34,1.0,1.0
1047,N241A/58,1.0,1.0
1048,N241A/72,2.0,2.0
1049,N242/12,,1.0
1050,N242/31,,1.0
1051,N242/48,,1.0
1052,N244/19,1.0,1.0
1053,N244/5,1.0,1.0
1054,N245/1,1.0,1.0
1055,N245/21,1.0,1.0
1056,N245/3,1.0,1.0
1057,N245/36,1.0,1.0
1058,N245/44,1.0,1.0
1059,N245/47,1.0,1.0
1060,N247/23,1.0,1.0
1061,N247/24,1.0,1.0
1062,N247/28,1.0,1.0
1063,N247/9,1.0,1.0
1064,N248/32,1.0,1.0
1065,N248A/15,1.0,1.0
1066,N248A/22,1.0,1.0
1067,N248A/25,1.0,1.0
1068,N248A/27,1.0,1.0
1069,N248A/42,1.0,1.0
1070,N249/1,1.0,1.0
1071,N249/13,1.0,1.0
1072,N249/3,1.0,1.0
1073,N249/8,1.0,1.0
1074,N25/35,2.0,2.0
1075,N250/21,1.0,1.0
1076,N251/14,1.0,1.0
1077,N252A/14,1.0,1.0
1078,N252A/8,1.0,1.0
1079,N253/10,1.0,1.0
1080,N253/23,1.0,1.0
1081,N253/25,1.0,1.0
1082,N253/27,,1.0
1083,N253/32,1.0,1.0
1084,N254/13,1.0,1.0
1085,N254/39,,1.0
1086,N255/37,1.0,1.0
1087,N255/38,1.0,1.0
1088,N255/4,1.0,1.0
1089,N256/1,,1.0
1090,N256/15,,1.0
1091,N256/2,,1.0
1092,N256/27,1.0,1.0
1093,N256/3,1.0,1.0
1094,N256/43,1.0,
1095,N256/5,,1.0
1096,N256/6,,1.0
1097,N257/25,1.0,1.0
1098,N257/34,1.0,1.0
1099,N257/39,1.0,1.0
1100,N257/40,1.0,1.0
1101,N258/2,1.0,1.0
1102,N258/5,1.0,1.0
1103,N258/7,1.0,1.0
1104,N259/48,1.0,1.0
1105,N259/52,1.0,1.0
1106,N259/75,1.0,2.0
1107,N26/1,1.0,1.0
1108,N26/15,1.0,1.0
1109,N260/17,1.0,1.0
1110,N260/20,1.0,1.0
1111,N261/12,,1.0
1112,N261/14,1.0,
1113,N261/8,,1.0
1114,N262/16,1.0,1.0
1115,N262/20,1.0,1.0
1116,N263/31,1.0,2.0
1117,N264/1,1.0,1.0
1118,N264/20,1.0,1.0
1119,N264/7,1.0,1.0
1120,N265/38,1.0,1.0
1121,N265A/10,,1.0
1122,N265A/37,,1.0
1123,N267/40,1.0,1.0
1124,N267A/52,,1.0
1125,N268/19,1.0,1.0
1126,N268/33,,1.0
1127,N269/51,1.0,1.0
1128,N269/73,2.0,2.0
1129,N269/74,1.0,1.0
1130,N269/76,1.0,
1131,N26A/10,1.0,1.0
1132,N26A/23,1.0,1.0
1133,N270/2,,1.0
1134,N270/28,1.0,1.0
1135,N270/32,1.0,1.0
1136,N270/46,1.0,1.0
1137,N270/47,1.0,1.0
1138,N271/24,1.0,1.0
1139,N271/44,1.0,1.0
1140,N272/48,1.0,1.0
1141,N272A/55,1.0,1.0
1142,N273/10,,1.0
1143,N274/15,,1.0
1144,N274/6,1.0,1.0
1145,N274/8,1.0,1.0
1146,N275/11,1.0,1.0
1147,N275/14,1.0,1.0
1148,N275/34,1.0,
1149,N276A/15,1.0,1.0
1150,N276A/44,1.0,1.0
1151,N277/1,1.0,1.0
1152,N277/15,1.0,1.0
1153,N277/26,1.0,1.0
1154,N277/40,1.0,1.0
1155,N277/44,1.0,1.0
1156,N277/7,1.0,1.0
1157,N278/11,1.0,1.0
1158,N278/16,1.0,1.0
1159,N278/19,1.0,1.0
1160,N278/9,1.0,1.0
1161,N279/16,1.0,
1162,N279/6,1.0,1.0
1163,N279A/29,,1.0
1164,N279A/42,1.0,1.0
1165,N279A/79,1.0,
1166,N279B/27,2.0,2.0
1167,N279B/57,,1.0
1168,N28/15,1.0,
1169,N28/19,1.0,1.0
1170,N28/7,1.0,1.0
1171,N28/9,1.0,1.0
1172,N280/21,1.0,
1173,N280/31,1.0,1.0
1174,N280/5,1.0,1.0
1175,N281/1,1.0,1.0
1176,N281/14,1.0,1.0
1177,N281/15,1.0,1.0
1178,N281/16,1.0,1.0
1179,N282A/16,1.0,1.0
1180,N282A/26,1.0,1.0
1181,N283/10,1.0,1.0
1182,N283/26,1.0,1.0
1183,N283/7,1.0,1.0
1184,N284A/14,,1.0
1185,N285/23,1.0,1.0
1186,N285/28,1.0,1.0
1187,N286/2,1.0,1.0
1188,N286/21,1.0,1.0
1189,N286/29,1.0,1.0
1190,N286/52,1.0,1.0
1191,N286/57,1.0,1.0
1192,N286/73,1.0,
1193,N286/74,1.0,1.0
1194,N286/76,1.0,1.0
1195,N286/79,1.0,1.0
1196,N286/81,1.0,1.0
1197,N286/9,1.0,1.0
1198,N287/43,1.0,1.0
1199,N287/65,1.0,1.0
1200,N287/67,1.0,1.0
1201,N289/16,1.0,1.0
1202,N289/6,,1.0
1203,N289/8,,1.0
1204,N29/29,1.0,1.0
1205,N290/5,,1.0
1206,N290/7,1.0,1.0
1207,N290A/7,,1.0
1208,N290B/2,1.0,1.0
1209,N290B/25,1.0,1.0
1210,N290B/26,1.0,1.0
1211,N290B/3,1.0,1.0
1212,N290B/93,1.0,1.0
1213,N291/4,1.0,1.0
1214,N291A/30,,1.0
1215,N291A/43,1.0,1.0
1216,N291B/51,1.0,1.0
1217,N291B/64,1.0,1.0
1218,N291B/74,1.0,1.0
1219,N291C/22,1.0,1.0
1220,N292/13,1.0,1.0
1221,N292/16,1.0,1.0
1222,N292/41,,1.0
1223,N292/49,1.0,1.0
1224,N293/24,1.0,1.0
1225,N293/50,1.0,1.0
1226,N293/58,,1.0
1227,N293/60,1.0,1.0
1228,N293/73,1.0,1.0
1229,N293/75,1.0,1.0
1230,N293/83,1.0,1.0
1231,N294A/10,1.0,1.0
1232,N294A/15,1.0,1.0
1233,N294A/18,1.0,1.0
1234,N294A/21,1.0,1.0
1235,N294A/41,1.0,1.0
1236,N294A/6,1.0,1.0
1237,N294A/79,1.0,
1238,N295B/54,1.0,1.0
1239,N295B/66,1.0,1.0
1240,N295B/82,1.0,1.0
1241,N297/28,1.0,1.0
1242,N297/38,1.0,1.0
1243,N297/40,1.0,1.0
1244,N297/59,1.0,1.0
1245,N298/14,1.0,1.0
1246,N299/39,1.0,1.0
1247,N299/45,1.0,1.0
1248,N3/22,,1.0
1249,N3/26,2.0,2.0
1250,N300/13,1.0,
1251,N300/15,1.0,1.0
1252,N300/49,1.0,1.0
1253,N302/10,1.0,1.0
1254,N302/46,1.0,
1255,N304A/13,,1.0
1256,N304A/19,,1.0
1257,N304A/7,,1.0
1258,N304B/115,1.0,1.0
1259,N304B/40,1.0,1.0
1260,N304B/83,1.0,1.0
1261,N304B/99,1.0,1.0
1262,N305/1,1.0,1.0
1263,N305/2,1.0,1.0
1264,N305/45,1.0,1.0
1265,N307/11,,1.0
1266,N307/12,1.0,1.0
1267,N307/56,,1.0
1268,N308/1,1.0,1.0
1269,N308/48,1.0,1.0
1270,N309/33,1.0,1.0
1271,N309A/21,1.0,1.0
1272,N310/21,1.0,1.0
1273,N310/38,1.0,
1274,N311/32,1.0,1.0
1275,N312/10,1.0,1.0
1276,N313/5,1.0,
1277,N313/51,1.0,
1278,N313/54,1.0,1.0
1279,N313/59,1.0,1.0
1280,N319A/14,1.0,1.0
1281,N319A/34,1.0,1.0
1282,N319A/40,1.0,1.0
1283,N319A/81,1.0,
1284,N320/10,,1.0
1285,N320/48,1.0,1.0
1286,N321C/35,1.0,1.0
1287,N321C/47,1.0,1.0
1288,N321C/49,1.0,1.0
1289,N322/12,1.0,
1290,N322/14,1.0,1.0
1291,N322/22,1.0,
1292,N323/23,,1.0
1293,N323/48,,1.0
1294,N323/50,,1.0
1295,N323A/31,1.0,1.0
1296,N323A/51,1.0,1.0
1297,N323A/52,1.0,1.0
1298,N323A/53,1.0,1.0
1299,N323B/20,1.0,1.0
1300,N324/2,1.0,
1301,N324/29,1.0,1.0
1302,N325B/65,1.0,1.0
1303,N326B/47,1.0,1.0
1304,N326C/8,1.0,1.0
1305,N326C/9,1.0,1.0
1306,N326D/13,1.0,1.0
1307,N326D/14,1.0,1.0
1308,N326D/2,1.0,1.0
1309,N326D/29,1.0,1.0
1310,N327/77,1.0,1.0
1311,N327/95,1.0,1.0
1312,N327A/38,1.0,1.0
1313,N328B/15,1.0,
1314,N328B/37,1.0,
1315,N328B/70,1.0,
1316,N328B/8,1.0,
1317,N33/18,1.0,
1318,N33/26,1.0,1.0
1319,N33/8,1.0,1.0
1320,N330A/51,1.0,1.0
1321,N330A/80,1.0,1.0
1322,N331/19,1.0,1.0
1323,N332/7,1.0,1.0
1324,N332B/15,1.0,1.0
1325,N332B/30,1.0,
1326,N332B/40,1.0,1.0
1327,N333/81,,1.0
1328,N334/57,1.0,
1329,N336A/7,1.0,1.0
1330,N336B/17,1.0,
1331,N336B/26,1.0,1.0
1332,N336B/83,1.0,1.0
1333,N336B/9,1.0,1.0
1334,N337/37,1.0,1.0
1335,N338/22,1.0,
1336,N338/28,1.0,
1337,N339/33,1.0,1.0
1338,N339/35,1.0,1.0
1339,N34/2,1.0,1.0
1340,N34/34,1.0,1.0
1341,N34/40,1.0,1.0
1342,N341/12,1.0,1.0
1343,N341/37,1.0,1.0
1344,N341/50,1.0,
1345,N341/9,1.0,1.0
1346,N343/26,1.0,1.0
1347,N343/27,1.0,1.0
1348,N343/77,1.0,
1349,N343/94,1.0,
1350,N345/51,1.0,1.0
1351,N346/44,1.0,1.0
1352,N346/48,1.0,
1353,N346/51,1.0,1.0
1354,N346/9,1.0,1.0
1355,N347/36,1.0,1.0
1356,N347/42,1.0,1.0
1357,N347/70,1.0,1.0
1358,N348/63,1.0,1.0
1359,N348/82,1.0,
1360,N349/96,1.0,1.0
1361,N35/1,1.0,1.0
1362,N35/35,1.0,
1363,N350/17,1.0,1.0
1364,N350/38,1.0,1.0
1365,N350/73,1.0,1.0
1366,N350/75,1.0,1.0
1367,N351/23,1.0,1.0
1368,N351/24,1.0,1.0
1369,N351/41,1.0,1.0
1370,N352/68,1.0,
1371,N353/13,1.0,1.0
1372,N354/16,1.0,1.0
1373,N354/43,1.0,1.0
1374,N354/93,1.0,1.0
1375,N355/1,1.0,1.0
1376,N355A/109,1.0,1.0
1377,N355A/2,1.0,1.0
1378,N355A/90,1.0,1.0
1379,N355A/91,1.0,1.0
1380,N356/22,,1.0
1381,N356/23,1.0,1.0
1382,N356/55,1.0,1.0
1383,N356/71,1.0,1.0
1384,N356/75,,1.0
1385,N356/9,1.0,1.0
1386,N357/35,1.0,1.0
1387,N357/6,1.0,1.0
1388,N358/68,1.0,1.0
1389,N359/28,1.0,
1390,N359/47,1.0,1.0
1391,N360A/10,,1.0
1392,N360A/24,1.0,1.0
1393,N361/12,,1.0
1394,N361/40,1.0,1.0
1395,N361/60,1.0,
1396,N361/65,1.0,1.0
1397,N361/78,1.0,1.0
1398,N361/88,1.0,1.0
1399,N361/93,1.0,1.0
1400,N361A/14,1.0,
1401,N361A/72,1.0,1.0
1402,N361A/91,1.0,
1403,N362/20,1.0,1.0
1404,N362/33,,1.0
1405,N363/58,1.0,1.0
1406,N363/71,1.0,1.0
1407,N363/76,,1.0
1408,N364/10,1.0,1.0
1409,N364/26,1.0,1.0
1410,N364/42,1.0,1.0
1411,N364/46,1.0,
1412,N364/71,1.0,
1413,N366/12,1.0,1.0
1414,N366/60,1.0,1.0
1415,N367/40,1.0,1.0
1416,N367/51,1.0,1.0
1417,N367/62,1.0,1.0
1418,N367/91,1.0,1.0
1419,N368/12,1.0,1.0
1420,N368/16,1.0,1.0
1421,N368/51,1.0,1.0
1422,N368/71,1.0,1.0
1423,N369/5,1.0,
1424,N369/62,1.0,1.0
1425,N371/90,1.0,
1426,N371B/37,1.0,1.0
1427,N372/1,1.0,1.0
1428,N372/32,1.0,1.0
1429,N372/6,1.0,1.0
1430,N372/65,1.0,1.0
1431,N372A/1,1.0,1.0
1432,N372A/21,1.0,1.0
1433,N372B/1,1.0,1.0
1434,N372B/20,1.0,1.0
1435,N372B/51,1.0,1.0
1436,N372B/59,1.0,1.0
1437,N372B/60,1.0,1.0
1438,N372B/9,1.0,1.0
1439,N372C/51,1.0,1.0
1440,N373/96,1.0,
1441,N374/25,1.0,
1442,N374/40,1.0,1.0
1443,N374/47,,1.0
1444,N374/48,1.0,1.0
1445,N375/11,1.0,1.0
1446,N375/40,1.0,1.0
1447,N375/67,1.0,1.0
1448,N375/84,1.0,1.0
1449,N375/92,1.0,1.0
1450,N376/26,,1.0
1451,N376/47,1.0,1.0
1452,N376/70,1.0,1.0
1453,N376/83,1.0,
1454,N377/20,1.0,1.0
1455,N377/21,1.0,1.0
1456,N377/37,1.0,
1457,N377/63,1.0,1.0
1458,N377/83,1.0,1.0
1459,N378/107,1.0,1.0
1460,N378/129,1.0,1.0
1461,N378/51,1.0,
1462,N379/52,1.0,1.0
1463,N379/72,1.0,1.0
1464,N379/79,1.0,
1465,N37A/1,,1.0
1466,N37A/10,1.0,1.0
1467,N37A/17,1.0,1.0
1468,N38/34,1.0,
1469,N38/8,1.0,1.0
1470,N380/49,1.0,1.0
1471,N380/87,1.0,1.0
1472,N380/95,1.0,1.0
1473,N380/98,,1.0
1474,N381/120,1.0,
1475,N381/6,1.0,
1476,N382/111,1.0,
1477,N382/14,1.0,1.0
1478,N382/33,1.0,
1479,N382/56,1.0,
1480,N382/69,1.0,1.0
1481,N382/74,1.0,1.0
1482,N383/24,1.0,
1483,N383/33,1.0,
1484,N383A/52,1.0,1.0
1485,N383A/92,1.0,1.0
1486,N384/14,1.0,
1487,N384/63,1.0,1.0
1488,N384/74,1.0,1.0
1489,N384/96,1.0,1.0
1490,N385/16,1.0,1.0
1491,N385/21,1.0,1.0
1492,N385/24,1.0,1.0
1493,N385/45,1.0,
1494,N385/6,1.0,
1495,N387/39,1.0,1.0
1496,N388/22,,1.0
1497,N388/50,,1.0
1498,N388/53,1.0,
1499,N388/58,1.0,1.0
1500,N388A/10,1.0,1.0
1501,N388A/27,1.0,1.0
1502,N388A/60,1.0,1.0
1503,N388A/83,1.0,
1504,N389/35,1.0,
1505,N389/7,,1.0
1506,N389/9,1.0,1.0
1507,N390/25,,1.0
1508,N390/43,1.0,1.0
1509,N390/46,1.0,1.0
1510,N391/68,1.0,1.0
1511,N392/32,1.0,
1512,N392/58,,1.0
1513,N392/61,1.0,
1514,N392/80,1.0,1.0
1515,N392/82,1.0,
1516,N392/9,1.0,
1517,N393/16,1.0,1.0
1518,N393/2,1.0,1.0
1519,N393/76,1.0,1.0
1520,N395/56,1.0,1.0
1521,N395/68,1.0,1.0
1522,N396/17,1.0,
1523,N396/26,1.0,1.0
1524,N396/29,1.0,1.0
1525,N396/88,1.0,1.0
1526,N397/19,1.0,1.0
1527,N397/26,1.0,1.0
1528,N397/57,1.0,1.0
1529,N397/61,1.0,2.0
1530,N397/84,1.0,1.0
1531,N398A/2,1.0,
1532,N398A/34,1.0,1.0
1533,N399/14,1.0,1.0
1534,N399/19,1.0,1.0
1535,N399/21,1.0,1.0
1536,N399/45,1.0,1.0
1537,N399/68,1.0,1.0
1538,N39B/19,1.0,
1539,N39B/2,,1.0
1540,N39B/20,1.0,1.0
1541,N39B/8,1.0,1.0
1542,N39B/9,1.0,
1543,N4/15,1.0,1.0
1544,N4/19,1.0,1.0
1545,N4/49,1.0,1.0
1546,N400/24,1.0,1.0
1547,N400/36,1.0,
1548,N400/79,1.0,1.0
1549,N400/82,1.0,
1550,N401/70,1.0,1.0
1551,N401/86,1.0,1.0
1552,N402/13,1.0,1.0
1553,N402/26,1.0,
1554,N402/46,1.0,1.0
1555,N403/29,1.0,1.0
1556,N403/60,1.0,1.0
1557,N403/63,1.0,1.0
1558,N404/30,1.0,1.0
1559,N405/17,1.0,1.0
1560,N405/35,1.0,
1561,N405/55,1.0,1.0
1562,N405/62,1.0,1.0
1563,N405/74,1.0,1.0
1564,N406/47,1.0,1.0
1565,N406/48,1.0,1.0
1566,N407/40,1.0,1.0
1567,N407A/19,1.0,
1568,N407A/85,1.0,1.0
1569,N408/62,1.0,1.0
1570,N408/79,1.0,1.0
1571,N408/87,1.0,1.0
1572,N408/88,1.0,1.0
1573,N40B/18,1.0,1.0
1574,N40B/38,1.0,1.0
1575,N410/17,1.0,1.0
1576,N410/69,1.0,2.0
1577,N410/81,1.0,2.0
1578,N410/94,1.0,1.0
1579,N411/51,1.0,1.0
1580,N411/70,1.0,1.0
1581,N412A/10,1.0,
1582,N412A/23,1.0,
1583,N412A/55,1.0,
1584,N412A/61,1.0,
1585,N413/23,1.0,1.0
1586,N413/67,1.0,1.0
1587,N414/25,1.0,1.0
1588,N414/57,1.0,1.0
1589,N415/24,1.0,1.0
1590,N415/31,1.0,1.0
1591,N415/66,1.0,1.0
1592,N416/40,1.0,1.0
1593,N416/57,1.0,1.0
1594,N417/90,1.0,1.0
1595,N418/115,1.0,1.0
1596,N419/40,1.0,1.0
1597,N419/78,1.0,1.0
1598,N42/32,1.0,1.0
1599,N42/37,1.0,1.0
1600,N420/24,1.0,1.0
1601,N420/26,1.0,1.0
1602,N420/64,1.0,1.0
1603,N421A/50,1.0,1.0
1604,N421A/85,1.0,1.0
1605,N422/18,1.0,1.0
1606,N422/76,1.0,1.0
1607,N423/32,1.0,1.0
1608,N423/42,1.0,1.0
1609,N423/75,1.0,1.0
1610,N424/45,1.0,1.0
1611,N424/48,1.0,2.0
1612,N424/62,1.0,1.0
1613,N424/83,1.0,1.0
1614,N425/45,1.0,1.0
1615,N426/40,1.0,
1616,N426/7,1.0,1.0
1617,N426/9,1.0,1.0
1618,N427/3,1.0,1.0
1619,N427/45,1.0,1.0
1620,N427/64,1.0,1.0
1621,N428/12,1.0,1.0
1622,N429/19,1.0,1.0
1623,N43/6,1.0,1.0
1624,N430/26,1.0,1.0
1625,N430/30,1.0,1.0
1626,N430/6,1.0,1.0
1627,N431/64,1.0,1.0
1628,N432/2,1.0,
1629,N432/21,1.0,1.0
1630,N432/39,1.0,1.0
1631,N432/63,1.0,1.0
1632,N433/73,1.0,
1633,N434/60,1.0,
1634,N434/81,1.0,1.0
1635,N435/45,1.0,1.0
1636,N435/47,1.0,
1637,N435/61,1.0,
1638,N435/7,1.0,1.0
1639,N435/72,1.0,1.0
1640,N436/47,1.0,
1641,N436/61,1.0,1.0
1642,N436/91,1.0,1.0
1643,N438/31,1.0,1.0
1644,N438/98,1.0,1.0
1645,N439/35,1.0,1.0
1646,N439/39,1.0,1.0
1647,N439/46,1.0,1.0
1648,N439/52,1.0,1.0
1649,N439/72,1.0,1.0
1650,N440/12,1.0,1.0
1651,N440/21,1.0,1.0
1652,N440/61,1.0,1.0
1653,N441/26,1.0,
1654,N441/35,1.0,1.0
1655,N442/28,1.0,1.0
1656,N442/32,1.0,1.0
1657,N442/38,1.0,1.0
1658,N443/15,1.0,1.0
1659,N443/17,1.0,1.0
1660,N443/75,1.0,1.0
1661,N444/103,1.0,1.0
1662,N444/63,1.0,1.0
1663,N444/76,1.0,1.0
1664,N445/27,1.0,1.0
1665,N445/52,1.0,1.0
1666,N445/81,1.0,1.0
1667,N445/87,1.0,1.0
1668,N445/98,1.0,1.0
1669,N446/23,1.0,1.0
1670,N446/36,1.0,1.0
1671,N446/80,1.0,1.0
1672,N447/16,1.0,1.0
1673,N447/23,1.0,1.0
1674,N447/24,1.0,1.0
1675,N447/41,1.0,1.0
1676,N447/47,1.0,1.0
1677,N448/40,1.0,1.0
1678,N448/50,1.0,1.0
1679,N448/81,2.0,1.0
1680,N448/88,1.0,1.0
1681,N449/57,1.0,1.0
1682,N449/68,1.0,1.0
1683,N449/73,1.0,1.0
1684,N44A/52,1.0,1.0
1685,N44A/71,1.0,1.0
1686,N45/4,1.0,1.0
1687,N45/9,1.0,1.0
1688,N450/50,1.0,1.0
1689,N450/53,1.0,1.0
1690,N450/79,1.0,1.0
1691,N451/29,1.0,1.0
1692,N451/73,1.0,1.0
1693,N452/30,1.0,
1694,N452/42,1.0,1.0
1695,N452/69,1.0,1.0
1696,N452/73,1.0,1.0
1697,N452/77,1.0,1.0
1698,N452/81,1.0,1.0
1699,N453/35,1.0,
1700,N453/61,1.0,1.0
1701,N453/84,1.0,
1702,N453/96,1.0,
1703,N454/55,1.0,1.0
1704,N454/91,1.0,1.0
1705,N455/15,1.0,
1706,N456/39,1.0,1.0
1707,N457/28,1.0,1.0
1708,N457/39,1.0,1.0
1709,N457/79,1.0,1.0
1710,N458/10,1.0,1.0
1711,N458/2,1.0,
1712,N458/79,1.0,1.0
1713,N459/11,1.0,1.0
1714,N459/29,1.0,1.0
1715,N459/52,1.0,1.0
1716,N459/74,1.0,1.0
1717,N459/84,1.0,1.0
1718,N459/90,1.0,1.0
1719,N459/91,1.0,1.0
1720,N459/94,1.0,1.0
1721,N45B/43,1.0,1.0
1722,N46/23,1.0,1.0
1723,N46/30,1.0,1.0
1724,N460/19,1.0,1.0
1725,N460/2,1.0,1.0
1726,N460/35,1.0,1.0
1727,N461/19,1.0,1.0
1728,N461/76,1.0,
1729,N462/13,1.0,1.0
1730,N462/29,1.0,
1731,N462/48,1.0,1.0
1732,N463/45,1.0,1.0
1733,N463/52,1.0,
1734,N464A/94,,1.0
1735,N465/11,1.0,1.0
1736,N465/22,1.0,1.0
1737,N465/94,1.0,
1738,N466/53,1.0,1.0
1739,N466/65,1.0,1.0
1740,N467/1,1.0,1.0
1741,N467/79,1.0,1.0
1742,N468/37,1.0,1.0
1743,N469/28,1.0,1.0
1744,N47/21,1.0,1.0
1745,N47/29,1.0,1.0
1746,N470/22,1.0,1.0
1747,N471/27,1.0,1.0
1748,N472/88,1.0,1.0
1749,N473/27,1.0,1.0
1750,N473/36,1.0,1.0
1751,N473/7,1.0,1.0
1752,N473/77,1.0,1.0
1753,N473/85,1.0,1.0
1754,N474/2,1.0,1.0
1755,N474/27,1.0,1.0
1756,N474/59,1.0,1.0
1757,N474/73,1.0,1.0
1758,N474/96,1.0,
1759,N475A/17,1.0,
1760,N475A/5,1.0,1.0
1761,N476/56,1.0,1.0
1762,N476/9,1.0,1.0
1763,N477/45,1.0,
1764,N478/67,1.0,1.0
1765,N479/103,1.0,1.0
1766,N479/107,1.0,1.0
1767,N479/111,1.0,1.0
1768,N479/12,1.0,1.0
1769,N479/22,1.0,1.0
1770,N479/24,1.0,1.0
1771,N479/45,1.0,1.0
1772,N480/51,1.0,1.0
1773,N481/3,1.0,1.0
1774,N481/33,1.0,1.0
1775,N481/42,1.0,
1776,N481/56,1.0,
1777,N481/85,1.0,1.0
1778,N482/11,1.0,
1779,N482/28,1.0,1.0
1780,N482/4,1.0,1.0
1781,N482/49,1.0,1.0
1782,N482/89,1.0,
1783,N483/126,1.0,1.0
1784,N483/26,1.0,1.0
1785,N483/60,1.0,1.0
1786,N483/84,1.0,1.0
1787,N484/67,1.0,1.0
1788,N485/22,1.0,1.0
1789,N486/24,1.0,1.0
1790,N486/25,1.0,1.0
1791,N486/32,1.0,1.0
1792,N486/40,1.0,
1793,N486/76,1.0,1.0
1794,N486/78,1.0,1.0
1795,N486/93,1.0,1.0
1796,N487/83,1.0,1.0
1797,N487/84,1.0,1.0
1798,N488/25,1.0,
1799,N488/94,1.0,1.0
1800,N489/20,1.0,
1801,N489/31,1.0,1.0
1802,N489/5,1.0,1.0
1803,N489/89,1.0,1.0
1804,N489/9,1.0,1.0
1805,N490/24,1.0,1.0
1806,N491/24,1.0,1.0
1807,N492/38,1.0,1.0
1808,N492/39,1.0,1.0
1809,N492/58,1.0,1.0
1810,N492/79,1.0,1.0
1811,N492/83,1.0,1.0
1812,N492/93,1.0,1.0
1813,N493/11,1.0,1.0
1814,N493/22,2.0,2.0
1815,N493/47,1.0,1.0
1816,N493/67,1.0,1.0
1817,N493/92,1.0,1.0
1818,N49A/2,1.0,1.0
1819,N49A/21,1.0,1.0
1820,N50/36,1.0,1.0
1821,N50/37,1.0,1.0
1822,N51/6,1.0,1.0
1823,N51/9,1.0,1.0
1824,N52A/42,1.0,1.0
1825,N52B/27,1.0,1.0
1826,N53/32,1.0,1.0
1827,N54/27,1.0,1.0
1828,N54/7,1.0,
1829,N55/10,1.0,1.0
1830,N55/14,1.0,1.0
1831,N55/25,1.0,1.0
1832,N55/28,1.0,1.0
1833,N55/41,1.0,1.0
1834,N56/21,1.0,1.0
1835,N56/22,1.0,
1836,N56/44,1.0,1.0
1837,N56/9,1.0,1.0
1838,N57/2,1.0,1.0
1839,N57/22,1.0,1.0
1840,N57/46,1.0,1.0
1841,N57/7,1.0,1.0
1842,N59/17,1.0,1.0
1843,N59/20,1.0,1.0
1844,N59/31,1.0,1.0
1845,N59/36,1.0,1.0
1846,N59/53,1.0,
1847,N59/7,1.0,1.0
1848,N5A/44,,1.0
1849,N6/38,1.0,1.0
1850,N6/45,1.0,1.0
1851,N60A/20,,1.0
1852,N61/36,,1.0
1853,N64A/13,1.0,1.0
1854,N64A/23,1.0,1.0
1855,N64A/36,1.0,1.0
1856,N65/37,1.0,1.0
1857,N67/15,1.0,1.0
1858,N68/6,1.0,1.0
1859,N69/10,1.0,1.0
1860,N69/28,1.0,
1861,N69/38,1.0,1.0
1862,N69/46,1.0,1.0
1863,N7/18,1.0,1.0
1864,N7/8,1.0,
1865,N70/17,1.0,1.0
1866,N70/27,1.0,1.0
1867,N70/28,1.0,1.0
1868,N71/17,1.0,1.0
1869,N71/37,1.0,1.0
1870,N72/11,1.0,1.0
1871,N72/16,1.0,1.0
1872,N72/20,1.0,1.0
1873,N74/11,1.0,1.0
1874,N74/16,1.0,1.0
1875,N74/25,1.0,1.0
1876,N75/3,1.0,
1877,N75/33,1.0,1.0
1878,N76/3,1.0,1.0
1879,N76/7,1.0,1.0
1880,N76/8,1.0,1.0
1881,N77/15,1.0,1.0
1882,N78/31,1.0,1.0
1883,N78/6,1.0,1.0
1884,N81/2,1.0,1.0
1885,N81/37,1.0,1.0
1886,N83/48,1.0,1.0
1887,N83/53,1.0,1.0
1888,N84/1,1.0,1.0
1889,N84/22,,1.0
1890,N84/37,1.0,1.0
1891,N85/18,1.0,1.0
1892,N86/17,,1.0
1893,N86/20,1.0,1.0
1894,N86/34,1.0,1.0
1895,N86/38,1.0,1.0
1896,N86/44,1.0,1.0
1897,N86/8,1.0,1.0
1898,N87/25,1.0,1.0
1899,N87/31,,1.0
1900,N88/10,1.0,1.0
1901,N88/12,1.0,1.0
1902,N8B/1,1.0,1.0
1903,N90/20,1.0,1.0
1904,N90/26,,1.0
1905,N91/13,1.0,1.0
1906,N91/2,1.0,1.0
1907,N91/27,1.0,1.0
1908,N92/14,1.0,1.0
1909,N92/22,1.0,1.0
1910,N93/6,1.0,
1911,N93/7,1.0,1.0
1912,N93A/35,1.0,1.0
1913,N93A/49,1.0,1.0
1914,N93A/51,1.0,1.0
1915,N94/17,1.0,1.0
1916,N94/48,,1.0
1917,N95/35,1.0,1.0
1918,N95/43,1.0,1.0
1919,N96/53,1.0,1.0
1920,N96/55,1.0,1.0
1921,N97A/23,1.0,1.0
1922,N97A/30,1.0,
1923,N97A/31,1.0,1.0
1924,N97A/32,1.0,1.0
1925,N98/47,1.0,1.0
1926,N98/7,1.0,1.0
1927,N9C/18,1.0,1.0
1928,N9C/24,1.0,1.0
