,mabid,id,Heavy,Light,times_sequenced
0,,1,1.0,1.0,1
1,10% N48676,2,5.0,5.0,2
2,12CA5,1,1.0,3.0,1
3,1D8,3,3.0,3.0,3
4,1F1,3,7.0,4.0,3
5,20% N486/76,2,5.0,5.0,2
6,25% N486/76,2,6.0,6.0,2
7,60% N486/76,2,4.0,4.0,2
8,62-3G1,3,3.0,3.0,3
9,80% N486/76,2,4.0,4.0,2
10,8G10,1,1.0,1.0,1
11,8G10 + N268/19,2,3.0,4.0,2
12,A12/18,4,4.0,4.0,4
13,D3/71,1,1.0,1.0,1
14,D3/71R,1,1.0,1.0,1
15,D4/104,2,6.0,4.0,2
16,D4/11,3,3.0,3.0,3
17,D4/112,2,1.0,2.0,2
18,D4/133,1,2.0,4.0,1
19,D4/135,1,2.0,,1
20,D4/152,3,4.0,4.0,3
21,D4/154,3,2.0,6.0,3
22,D4/16,2,3.0,2.0,2
23,D4/194,1,1.0,1.0,1
24,D4/27,3,4.0,5.0,3
25,D4/40,3,4.0,3.0,3
26,D4/49,3,5.0,8.0,3
27,D4/67,1,4.0,8.0,1
28,D43/43,1,1.0,1.0,1
29,EA7,2,2.0,3.0,2
30,Empty for negative control,3,3.0,3.0,3
31,K13/31,3,3.0,5.0,3
32,K13/31R,1,1.0,1.0,1
33,K14/16,5,5.0,5.0,5
34,K14/16R,1,1.0,1.0,1
35,K14/39,7,7.0,7.0,7
36,K17/24,6,6.0,6.0,6
37,K17/70,7,7.0,7.0,7
38,K17/70R,1,1.0,1.0,1
39,K19/13,2,2.0,2.0,2
40,K19/2,2,2.0,3.0,2
41,K19/36,5,5.0,5.0,5
42,K19/36R,1,1.0,1.0,1
43,K19/46,7,7.0,7.0,7
44,K19/5,1,1.0,1.0,1
45,K20/2,1,1.0,,1
46,K20/41,1,,1.0,1
47,K20/58,1,1.0,1.0,1
48,K20/59,1,1.0,1.0,1
49,K20/74,1,1.0,1.0,1
50,K20/77,7,7.0,7.0,7
51,K20/78,15,15.0,43.0,15
52,K20/78R,1,1.0,1.0,1
53,K20/8,1,2.0,2.0,1
54,K20/82,1,1.0,1.0,1
55,K20/83,1,1.0,1.0,1
56,K20/86,1,1.0,1.0,1
57,K20/88,1,,2.0,1
58,K20/89,1,,1.0,1
59,K20/91,1,1.0,1.0,1
60,K21/1,1,1.0,1.0,1
61,K25/59,1,,1.0,1
62,K25/73,4,4.0,4.0,4
63,K25/73R,1,1.0,1.0,1
64,K28/1,1,1.0,1.0,1
65,K28/10,1,4.0,3.0,1
66,K28/11,1,1.0,1.0,1
67,K28/12,1,2.0,2.0,1
68,K28/13,1,1.0,2.0,1
69,K28/14,1,3.0,3.0,1
70,K28/15,1,2.0,4.0,1
71,K28/16,1,2.0,1.0,1
72,K28/17,1,3.0,4.0,1
73,K28/18,1,2.0,2.0,1
74,K28/19,1,3.0,4.0,1
75,K28/2,1,3.0,3.0,1
76,K28/20,1,1.0,2.0,1
77,K28/21,1,3.0,3.0,1
78,K28/22,1,1.0,3.0,1
79,K28/23,1,1.0,2.0,1
80,K28/24,1,3.0,2.0,1
81,K28/25,5,5.0,5.0,5
82,K28/26,1,1.0,1.0,1
83,K28/27,6,8.0,6.0,6
84,K28/28,1,2.0,3.0,1
85,K28/3,1,2.0,2.0,1
86,K28/30,1,1.0,1.0,1
87,K28/31,1,1.0,2.0,1
88,K28/32,1,1.0,4.0,1
89,K28/33,1,1.0,1.0,1
90,K28/35,1,,2.0,1
91,K28/37,5,5.0,9.0,5
92,K28/38,4,4.0,5.0,4
93,K28/39,1,2.0,2.0,1
94,K28/4,1,3.0,2.0,1
95,K28/40,1,3.0,3.0,1
96,K28/41,1,3.0,3.0,1
97,K28/42,6,6.0,6.0,6
98,K28/43,7,7.0,6.0,7
99,K28/43R,1,1.0,1.0,1
100,K28/44,1,3.0,3.0,1
101,K28/45,1,1.0,1.0,1
102,K28/46,1,2.0,2.0,1
103,K28/47,1,2.0,2.0,1
104,K28/48,1,,2.0,1
105,K28/5,1,2.0,1.0,1
106,K28/56,1,2.0,2.0,1
107,K28/58,12,6.0,12.0,12
108,K28/6,1,4.0,3.0,1
109,K28/7,1,3.0,3.0,1
110,K28/74,4,4.0,4.0,4
111,K28/77,4,4.0,8.0,4
112,K28/8,1,2.0,1.0,1
113,K28/83,1,2.0,2.0,1
114,K28/86,5,5.0,5.0,5
115,K28/9,1,1.0,1.0,1
116,K28/91,4,4.0,8.0,4
117,K28/92,1,1.0,1.0,1
118,K28/93,1,2.0,3.0,1
119,K28/94,5,5.0,5.0,5
120,K28/96,1,3.0,2.0,1
121,K29/7,1,1.0,1.0,1
122,K35/40,1,1.0,1.0,1
123,K35/43,4,4.0,4.0,4
124,K35/57,4,4.0,4.0,4
125,K35/65,4,4.0,4.0,4
126,K35/7,3,3.0,6.0,3
127,K35/85,4,4.0,4.0,4
128,K35/90,3,3.0,3.0,3
129,K36/15,6,6.0,6.0,6
130,K36/15R,1,1.0,1.0,1
131,K36/5,1,1.0,1.0,1
132,K37/89,6,6.0,12.0,6
133,K39/25,12,12.0,16.0,12
134,K39/25R,1,1.0,1.0,1
135,K39/6,2,2.0,4.0,2
136,K4/209,1,1.0,1.0,1
137,K40/17,4,4.0,4.0,4
138,K42/21,1,6.0,4.0,1
139,K47/34,6,6.0,6.0,6
140,K47/40,6,6.0,6.0,6
141,K47/42,5,5.0,9.0,5
142,K47/43,5,6.0,10.0,5
143,K47/9,6,6.0,6.0,6
144,K48/16,1,1.0,1.0,1
145,K48/18,1,1.0,2.0,1
146,K50/27,3,3.0,3.0,3
147,K50/36,4,4.0,4.0,4
148,K50/5,3,3.0,3.0,3
149,K51/1,4,4.0,4.0,4
150,K51/1R,1,1.0,1.0,1
151,K52/1,4,,4.0,4
152,K53/33,4,4.0,4.0,4
153,K53/6,3,2.0,3.0,3
154,K54/22,3,3.0,3.0,3
155,K55/29,5,9.0,10.0,5
156,K55/59,6,6.0,6.0,6
157,K55/7,11,4.0,21.0,11
158,K55/82,6,6.0,6.0,6
159,K55/9,6,9.0,9.0,6
160,K56/27,1,1.0,1.0,1
161,K56A/50,3,3.0,3.0,3
162,K56A/57,3,3.0,3.0,3
163,K56A/95,3,3.0,4.0,3
164,K57/1,7,7.0,9.0,7
165,K57/1R,1,1.0,1.0,1
166,K57/27,7,7.0,7.0,7
167,K57/41,6,6.0,7.0,6
168,K57/47,6,6.0,6.0,6
169,K57/48,6,6.0,10.0,6
170,K58/35,3,3.0,3.0,3
171,K58/35R,1,1.0,1.0,1
172,K59/11,2,2.0,2.0,2
173,K59/14,1,1.0,1.0,1
174,K59/19,1,1.0,1.0,1
175,K59/22,2,,2.0,2
176,K60/1,4,4.0,4.0,4
177,K60/35,3,3.0,7.0,3
178,K60/41,11,10.0,12.0,11
179,K60/73,9,11.0,12.0,9
180,K60/87,6,6.0,6.0,6
181,K63/35,1,1.0,1.0,1
182,K63/39,1,1.0,1.0,1
183,K64/15,3,3.0,3.0,3
184,K64/15R,1,1.0,1.0,1
185,K64/21,4,4.0,4.0,4
186,K64/23,1,1.0,1.0,1
187,K64/29,1,1.0,1.0,1
188,K64/35,2,2.0,1.0,2
189,K65/11,6,,6.0,6
190,K65/31,3,6.0,3.0,3
191,K65/35,6,7.0,6.0,6
192,K65/36,9,14.0,14.0,9
193,K65A/2,6,6.0,6.0,6
194,K65A/30,6,6.0,6.0,6
195,K65A/41,2,2.0,2.0,2
196,K65A/43,5,5.0,5.0,5
197,K66/27,6,6.0,6.0,6
198,K66/29,6,6.0,6.0,6
199,K66/38,6,6.0,6.0,6
200,K66/38R,1,1.0,1.0,1
201,K66/59,6,6.0,6.0,6
202,K67/11,6,6.0,6.0,6
203,K67/21,5,5.0,10.0,5
204,K67/25,6,6.0,6.0,6
205,K68/66,1,1.0,2.0,1
206,K68/86,1,1.0,1.0,1
207,K68/9,4,2.0,10.0,4
208,K69/3,10,10.0,22.0,10
209,K69/33,5,5.0,5.0,5
210,K7/25,3,3.0,3.0,3
211,K7/45,5,5.0,7.0,5
212,K7/45R,1,1.0,1.0,1
213,K72/2,4,4.0,4.0,4
214,K72/8,3,3.0,3.0,3
215,K72/8R,1,1.0,1.0,1
216,K73/20,12,13.0,19.0,12
217,K74/53,6,6.0,6.0,6
218,K74/71,8,9.0,9.0,8
219,K74/71R,1,1.0,1.0,1
220,K75/18,6,6.0,6.0,6
221,K75/30,6,7.0,7.0,6
222,K75/36,6,6.0,6.0,6
223,K75/41,4,4.0,7.0,4
224,K75/41R,1,1.0,1.0,1
225,K77/117,3,,3.0,3
226,K77/131,1,,2.0,1
227,K77/236,1,,1.0,1
228,K78/11,1,,1.0,1
229,K78/23,1,1.0,1.0,1
230,K78/29,3,3.0,6.0,3
231,K78/37,1,1.0,1.0,1
232,K78/47,1,1.0,1.0,1
233,K78/48,1,1.0,1.0,1
234,K8/1,1,1.0,2.0,1
235,K81/15,1,1.0,1.0,1
236,K82/36,4,2.0,6.0,4
237,K82/38,4,3.0,5.0,4
238,K87A/10,12,12.0,12.0,12
239,K88/26,4,4.0,4.0,4
240,K88/64,3,4.0,4.0,3
241,K88/70,4,4.0,4.0,4
242,K89/19,5,,8.0,5
243,K89/34,6,6.0,6.0,6
244,K89/34R,1,1.0,1.0,1
245,K89/41,7,7.0,8.0,7
246,K9/40,4,3.0,7.0,4
247,K9/40R,1,1.0,1.0,1
248,K9/62,2,2.0,2.0,2
249,K9/66,3,2.0,4.0,3
250,K9/68,2,2.0,4.0,2
251,K9/80,4,4.0,7.0,4
252,K90/28,4,3.0,4.0,4
253,K90/53,2,2.0,2.0,2
254,K90/6,4,5.0,4.0,4
255,K90A/16,2,2.0,2.0,2
256,K91/2,2,2.0,2.0,2
257,K91/20,3,3.0,3.0,3
258,K91/21,2,2.0,2.0,2
259,K91/36,5,5.0,5.0,5
260,K91/36R,1,1.0,1.0,1
261,K92/24,1,1.0,1.0,1
262,K92/33,1,1.0,1.0,1
263,K93X/1,1,1.0,3.0,1
264,K93X/22,1,1.0,1.0,1
265,K93X/3,1,3.0,3.0,1
266,K96/25,4,,4.0,4
267,K96/7,4,4.0,4.0,4
268,K97/15,4,4.0,4.0,4
269,K97/2,2,2.0,2.0,2
270,K97/20,1,1.0,1.0,1
271,K97/25,4,4.0,4.0,4
272,K97/71,5,5.0,5.0,5
273,K99/3,4,,4.0,4
274,L1/6,3,,3.0,3
275,L10/2,1,1.0,1.0,1
276,L10/28,1,,1.0,1
277,L10/3,1,1.0,2.0,1
278,L10/40,1,1.0,2.0,1
279,L10/48,1,1.0,1.0,1
280,L100/1,4,4.0,4.0,4
281,L100/30,2,3.0,3.0,2
282,L100/75,3,3.0,6.0,3
283,L102/45,4,5.0,4.0,4
284,L102/47,3,,4.0,3
285,L102/71,1,1.0,1.0,1
286,L102A/33,1,,1.0,1
287,L103/12,3,2.0,3.0,3
288,L103/13,2,2.0,2.0,2
289,L103/15,3,3.0,3.0,3
290,L103/16,2,2.0,2.0,2
291,L103/30,3,3.0,3.0,3
292,L103/88,3,3.0,6.0,3
293,L105/28,2,3.0,4.0,2
294,L105/3,3,3.0,3.0,3
295,L105/31,3,3.0,4.0,3
296,L105/92,2,2.0,3.0,2
297,L106/1,1,1.0,3.0,1
298,L106/10,1,3.0,5.0,1
299,L106/11,1,1.0,5.0,1
300,L106/12,1,3.0,3.0,1
301,L106/13,1,3.0,5.0,1
302,L106/16,1,2.0,5.0,1
303,L106/17,1,1.0,3.0,1
304,L106/18,1,2.0,4.0,1
305,L106/19,1,,5.0,1
306,L106/2,1,3.0,3.0,1
307,L106/20,1,3.0,3.0,1
308,L106/22,4,4.0,4.0,4
309,L106/23,4,3.0,4.0,4
310,L106/24,1,2.0,2.0,1
311,L106/25,1,5.0,5.0,1
312,L106/26,1,3.0,8.0,1
313,L106/29,1,2.0,4.0,1
314,L106/3,6,2.0,9.0,6
315,L106/31,1,2.0,5.0,1
316,L106/32,1,1.0,3.0,1
317,L106/33,1,3.0,4.0,1
318,L106/34,1,3.0,5.0,1
319,L106/36,1,4.0,7.0,1
320,L106/37,1,2.0,3.0,1
321,L106/38,1,1.0,8.0,1
322,L106/4,19,27.0,31.0,19
323,L106/40,1,1.0,3.0,1
324,L106/41,1,2.0,4.0,1
325,L106/43,1,3.0,6.0,1
326,L106/44,1,3.0,6.0,1
327,L106/47,1,2.0,5.0,1
328,L106/49,1,1.0,6.0,1
329,L106/5,1,4.0,3.0,1
330,L106/50,1,3.0,4.0,1
331,L106/51,1,1.0,5.0,1
332,L106/52,1,1.0,5.0,1
333,L106/53,1,2.0,7.0,1
334,L106/54,1,4.0,4.0,1
335,L106/56,1,,4.0,1
336,L106/57,1,,3.0,1
337,L106/58,1,4.0,7.0,1
338,L106/59,1,2.0,3.0,1
339,L106/60,1,3.0,8.0,1
340,L106/63,1,1.0,5.0,1
341,L106/66,1,,3.0,1
342,L106/67,1,3.0,5.0,1
343,L106/68,1,3.0,4.0,1
344,L106/69,1,2.0,3.0,1
345,L106/7,1,3.0,3.0,1
346,L106/71,1,2.0,4.0,1
347,L106/72,1,2.0,5.0,1
348,L106/73,7,,14.0,7
349,L106/74,1,1.0,3.0,1
350,L106/75,1,2.0,5.0,1
351,L106/78,1,2.0,9.0,1
352,L106/8,1,1.0,5.0,1
353,L106/80,1,2.0,3.0,1
354,L106/81,1,2.0,5.0,1
355,L106/82,1,1.0,3.0,1
356,L106/83,12,2.0,15.0,12
357,L106/85,1,3.0,3.0,1
358,L106/87,1,2.0,3.0,1
359,L106/88,1,1.0,4.0,1
360,L106/89,1,4.0,5.0,1
361,L106/90,1,1.0,4.0,1
362,L106/91,1,3.0,6.0,1
363,L106/93,7,9.0,13.0,7
364,L106/94,22,4.0,25.0,22
365,L107/13,1,1.0,4.0,1
366,L107/24,3,2.0,3.0,3
367,L107/26,1,4.0,6.0,1
368,L107/35,1,3.0,7.0,1
369,L107/37,1,1.0,5.0,1
370,L107/39,6,5.0,6.0,6
371,L107/43,1,2.0,3.0,1
372,L107/50,11,12.0,13.0,11
373,L107/56,2,,2.0,2
374,L107/57,1,5.0,5.0,1
375,L107/64,1,2.0,6.0,1
376,L107/67,1,1.0,4.0,1
377,L107/68,1,1.0,1.0,1
378,L107/71,1,3.0,5.0,1
379,L107/82,1,2.0,3.0,1
380,L107/86,1,1.0,1.0,1
381,L107/89,5,2.0,7.0,5
382,L107/90,8,8.0,8.0,8
383,L107/91,1,2.0,3.0,1
384,L107/93,5,5.0,5.0,5
385,L107/95,6,4.0,6.0,6
386,L108/1,1,2.0,2.0,1
387,L108/12,1,4.0,7.0,1
388,L108/13,1,3.0,5.0,1
389,L108/14,1,3.0,7.0,1
390,L108/15,1,3.0,5.0,1
391,L108/17,7,6.0,7.0,7
392,L108/20,1,2.0,4.0,1
393,L108/21,1,3.0,6.0,1
394,L108/22,1,3.0,7.0,1
395,L108/23,1,3.0,6.0,1
396,L108/26,1,5.0,6.0,1
397,L108/30,1,3.0,7.0,1
398,L108/31,1,2.0,3.0,1
399,L108/32,1,4.0,7.0,1
400,L108/33,1,2.0,4.0,1
401,L108/34,1,3.0,5.0,1
402,L108/35,1,2.0,4.0,1
403,L108/36,1,4.0,5.0,1
404,L108/37,1,4.0,5.0,1
405,L108/38,1,4.0,5.0,1
406,L108/40,4,7.0,5.0,4
407,L108/41,1,3.0,7.0,1
408,L108/42,1,1.0,4.0,1
409,L108/43,1,2.0,5.0,1
410,L108/47,1,5.0,6.0,1
411,L108/48,1,5.0,7.0,1
412,L108/49,5,5.0,5.0,5
413,L108/5,1,5.0,6.0,1
414,L108/51,1,5.0,4.0,1
415,L108/52,1,3.0,6.0,1
416,L108/53,1,6.0,5.0,1
417,L108/54,1,1.0,5.0,1
418,L108/55,1,3.0,4.0,1
419,L108/56,1,4.0,7.0,1
420,L108/57,1,2.0,4.0,1
421,L108/58,1,2.0,5.0,1
422,L108/59,1,3.0,6.0,1
423,L108/6,1,4.0,2.0,1
424,L108/60,1,3.0,5.0,1
425,L108/63,1,3.0,4.0,1
426,L108/64,1,2.0,4.0,1
427,L108/65,1,3.0,6.0,1
428,L108/66,1,3.0,4.0,1
429,L108/67,1,4.0,5.0,1
430,L108/71,4,4.0,4.0,4
431,L108/72,6,6.0,6.0,6
432,L108/77,1,2.0,4.0,1
433,L108/79,1,3.0,3.0,1
434,L108/8,1,2.0,7.0,1
435,L108/80,1,4.0,4.0,1
436,L108/81,1,3.0,6.0,1
437,L108/82,1,1.0,3.0,1
438,L108/83,1,2.0,4.0,1
439,L108/84,1,3.0,3.0,1
440,L108/87,1,3.0,5.0,1
441,L108/88,1,2.0,3.0,1
442,L108/90,7,4.0,8.0,7
443,L108/91,1,2.0,6.0,1
444,L108/92,5,5.0,5.0,5
445,L108/93,1,2.0,5.0,1
446,L108/95,6,6.0,7.0,6
447,L109/1,1,3.0,2.0,1
448,L109/12,1,5.0,2.0,1
449,L109/14,1,3.0,6.0,1
450,L109/15,1,5.0,5.0,1
451,L109/17,1,4.0,4.0,1
452,L109/18,1,2.0,2.0,1
453,L109/19,1,6.0,6.0,1
454,L109/2,1,3.0,4.0,1
455,L109/21,1,5.0,6.0,1
456,L109/23,1,2.0,2.0,1
457,L109/26,1,3.0,5.0,1
458,L109/27,4,4.0,7.0,4
459,L109/28,2,2.0,2.0,2
460,L109/29,1,5.0,4.0,1
461,L109/30,1,4.0,5.0,1
462,L109/31,1,4.0,4.0,1
463,L109/32,1,5.0,6.0,1
464,L109/33,1,6.0,8.0,1
465,L109/34,1,4.0,8.0,1
466,L109/35,1,4.0,5.0,1
467,L109/36,1,3.0,4.0,1
468,L109/37,1,4.0,5.0,1
469,L109/38,1,6.0,5.0,1
470,L109/39,7,7.0,8.0,7
471,L109/40,1,6.0,4.0,1
472,L109/41,1,4.0,7.0,1
473,L109/42,1,5.0,7.0,1
474,L109/43,7,5.0,9.0,7
475,L109/44,1,2.0,4.0,1
476,L109/45,1,4.0,3.0,1
477,L109/46,1,6.0,6.0,1
478,L109/47,1,4.0,6.0,1
479,L109/48,1,5.0,7.0,1
480,L109/49,2,3.0,3.0,2
481,L109/50,1,7.0,7.0,1
482,L109/51,1,6.0,7.0,1
483,L109/52,1,5.0,7.0,1
484,L109/53,1,2.0,4.0,1
485,L109/54,1,4.0,4.0,1
486,L109/55,1,2.0,4.0,1
487,L109/56,1,4.0,5.0,1
488,L109/57,6,6.0,6.0,6
489,L109/58,1,4.0,4.0,1
490,L109/59,1,3.0,3.0,1
491,L109/6,1,4.0,4.0,1
492,L109/60,1,5.0,5.0,1
493,L109/61,1,3.0,1.0,1
494,L109/62,6,6.0,6.0,6
495,L109/63,1,4.0,6.0,1
496,L109/64,1,2.0,3.0,1
497,L109/65,1,1.0,5.0,1
498,L109/66,1,3.0,4.0,1
499,L109/68,1,2.0,3.0,1
500,L109/69,1,4.0,4.0,1
501,L109/7,1,3.0,5.0,1
502,L109/70,1,5.0,5.0,1
503,L109/71,1,2.0,4.0,1
504,L109/72,1,3.0,2.0,1
505,L109/73,1,2.0,4.0,1
506,L109/74,1,4.0,5.0,1
507,L109/75,6,,6.0,6
508,L109/76,1,5.0,5.0,1
509,L109/77,1,4.0,4.0,1
510,L109/78,1,5.0,6.0,1
511,L109/79,1,2.0,2.0,1
512,L109/8,1,4.0,5.0,1
513,L109/80,1,4.0,6.0,1
514,L109/81,1,4.0,5.0,1
515,L109/83,1,2.0,4.0,1
516,L109/84,1,5.0,5.0,1
517,L109/85,1,4.0,6.0,1
518,L109/86,1,2.0,4.0,1
519,L109/87,1,1.0,1.0,1
520,L109/88,1,2.0,5.0,1
521,L109/89,1,2.0,4.0,1
522,L109/90,1,8.0,5.0,1
523,L109/91,1,2.0,3.0,1
524,L109/92,1,2.0,4.0,1
525,L109/93,1,4.0,6.0,1
526,L109/94,1,3.0,4.0,1
527,L109/95,1,4.0,4.0,1
528,L109/96,1,3.0,5.0,1
529,L11/21,3,2.0,4.0,3
530,L110/143,5,5.0,5.0,5
531,L110/52,2,2.0,2.0,2
532,L110/55,1,1.0,1.0,1
533,L111/102,1,4.0,6.0,1
534,L111/105,1,3.0,5.0,1
535,L111/109,1,3.0,3.0,1
536,L111/118,7,6.0,7.0,7
537,L111/120,1,5.0,4.0,1
538,L111/123,1,4.0,4.0,1
539,L111/126,1,3.0,5.0,1
540,L111/128,1,5.0,4.0,1
541,L111/129,5,1.0,5.0,5
542,L111/135,1,5.0,6.0,1
543,L111/140,1,1.0,2.0,1
544,L111/2,1,8.0,,1
545,L111/20,1,3.0,3.0,1
546,L111/21,1,4.0,5.0,1
547,L111/22,1,1.0,3.0,1
548,L111/25,1,3.0,1.0,1
549,L111/27,1,3.0,3.0,1
550,L111/28,1,3.0,5.0,1
551,L111/30,1,5.0,7.0,1
552,L111/32,1,2.0,2.0,1
553,L111/33,1,3.0,4.0,1
554,L111/41,1,4.0,5.0,1
555,L111/43,6,7.0,9.0,6
556,L111/45,1,5.0,3.0,1
557,L111/5,1,5.0,,1
558,L111/52,1,3.0,5.0,1
559,L111/73,4,7.0,10.0,4
560,L111/78,1,3.0,6.0,1
561,L111/79,1,5.0,6.0,1
562,L111/86,1,2.0,5.0,1
563,L111/91,1,4.0,5.0,1
564,L111/92,1,4.0,4.0,1
565,L111/93,1,2.0,2.0,1
566,L111/95,1,4.0,4.0,1
567,L111/97,1,5.0,7.0,1
568,L111/99,1,5.0,5.0,1
569,L112/12,3,1.0,5.0,3
570,L112/22,4,5.0,6.0,4
571,L112/26,5,5.0,5.0,5
572,L112/49,2,2.0,2.0,2
573,L113/10,1,2.0,2.0,1
574,L113/109,1,3.0,,1
575,L113/11,1,2.0,3.0,1
576,L113/110,1,2.0,2.0,1
577,L113/111,1,2.0,7.0,1
578,L113/112,1,3.0,3.0,1
579,L113/113,1,5.0,2.0,1
580,L113/114,1,4.0,5.0,1
581,L113/115,1,3.0,6.0,1
582,L113/116,1,2.0,2.0,1
583,L113/117,1,4.0,4.0,1
584,L113/118,1,2.0,2.0,1
585,L113/119,1,1.0,2.0,1
586,L113/12,1,1.0,3.0,1
587,L113/120,1,1.0,1.0,1
588,L113/121,1,1.0,4.0,1
589,L113/122,1,3.0,3.0,1
590,L113/123,1,2.0,,1
591,L113/124,1,3.0,,1
592,L113/125,1,2.0,,1
593,L113/13,5,5.0,5.0,5
594,L113/130,5,5.0,5.0,5
595,L113/135,1,3.0,,1
596,L113/136,1,3.0,,1
597,L113/137,1,3.0,,1
598,L113/14,1,3.0,4.0,1
599,L113/15,1,1.0,3.0,1
600,L113/16,1,2.0,5.0,1
601,L113/17,1,2.0,4.0,1
602,L113/18,1,2.0,4.0,1
603,L113/19,1,2.0,2.0,1
604,L113/2,1,2.0,4.0,1
605,L113/20,1,4.0,5.0,1
606,L113/21,1,2.0,3.0,1
607,L113/22,1,3.0,5.0,1
608,L113/23,1,3.0,3.0,1
609,L113/24,1,4.0,4.0,1
610,L113/25,1,1.0,2.0,1
611,L113/26,4,4.0,3.0,4
612,L113/27,3,3.0,3.0,3
613,L113/28,4,4.0,4.0,4
614,L113/29,5,5.0,5.0,5
615,L113/3,1,3.0,5.0,1
616,L113/30,1,2.0,4.0,1
617,L113/31,1,1.0,3.0,1
618,L113/32,1,2.0,6.0,1
619,L113/33,1,2.0,2.0,1
620,L113/34,1,3.0,6.0,1
621,L113/35,1,3.0,4.0,1
622,L113/41,1,2.0,,1
623,L113/42,1,3.0,,1
624,L113/43,1,3.0,,1
625,L113/44,6,7.0,6.0,6
626,L113/45,1,2.0,,1
627,L113/5,1,2.0,3.0,1
628,L113/54,1,2.0,,1
629,L113/55,1,2.0,,1
630,L113/56,1,3.0,,1
631,L113/57,1,3.0,,1
632,L113/6,1,4.0,3.0,1
633,L113/60,6,6.0,8.0,6
634,L113/62,4,4.0,4.0,4
635,L113/68,1,5.0,,1
636,L113/69,1,3.0,,1
637,L113/7,1,3.0,1.0,1
638,L113/70,1,2.0,,1
639,L113/71,1,2.0,,1
640,L113/8,1,2.0,3.0,1
641,L113/82,1,3.0,,1
642,L113/83,1,3.0,,1
643,L113/84,1,2.0,,1
644,L113/85,1,2.0,,1
645,L113/9,1,2.0,3.0,1
646,L113/95,1,5.0,,1
647,L113/97,1,5.0,,1
648,L113/98,1,2.0,,1
649,L113/99,1,2.0,,1
650,L114/1,1,5.0,7.0,1
651,L114/13,10,,11.0,10
652,L114/16,1,3.0,4.0,1
653,L114/2,1,3.0,5.0,1
654,L114/21,1,4.0,4.0,1
655,L114/22,1,1.0,1.0,1
656,L114/23,1,4.0,5.0,1
657,L114/3,3,3.0,4.0,3
658,L114/30,1,2.0,6.0,1
659,L114/33,1,3.0,4.0,1
660,L114/34,1,7.0,5.0,1
661,L114/36,1,2.0,4.0,1
662,L114/37,1,3.0,5.0,1
663,L114/38,4,4.0,5.0,4
664,L114/39,1,4.0,5.0,1
665,L114/40,1,6.0,8.0,1
666,L114/44,1,4.0,4.0,1
667,L114/45,1,2.0,3.0,1
668,L114/48,1,3.0,4.0,1
669,L114/49,1,3.0,4.0,1
670,L114/53,1,5.0,5.0,1
671,L114/55,1,3.0,4.0,1
672,L114/57,1,1.0,4.0,1
673,L114/60,1,2.0,4.0,1
674,L114/62,1,2.0,6.0,1
675,L114/63,1,3.0,4.0,1
676,L114/64,1,3.0,3.0,1
677,L114/79,1,2.0,2.0,1
678,L114/81,15,8.0,40.0,15
679,L114/82,1,2.0,2.0,1
680,L114/86,1,2.0,6.0,1
681,L115/123,3,3.0,2.0,3
682,L115/125,1,1.0,1.0,1
683,L115/13,4,4.0,4.0,4
684,L115/62,2,2.0,2.0,2
685,L116/104,2,1.0,2.0,2
686,L116/34,1,1.0,1.0,1
687,L116/86,4,1.0,4.0,4
688,L117/1,4,4.0,5.0,4
689,L117/100,1,1.0,3.0,1
690,L117/101,1,2.0,4.0,1
691,L117/102,1,2.0,6.0,1
692,L117/103,1,2.0,2.0,1
693,L117/104,1,4.0,4.0,1
694,L117/105,1,3.0,3.0,1
695,L117/106,1,2.0,3.0,1
696,L117/107,1,3.0,3.0,1
697,L117/11,1,1.0,2.0,1
698,L117/110,1,2.0,6.0,1
699,L117/112,1,1.0,3.0,1
700,L117/113,1,2.0,4.0,1
701,L117/116,1,3.0,5.0,1
702,L117/117,1,2.0,4.0,1
703,L117/119,1,1.0,4.0,1
704,L117/12,1,2.0,3.0,1
705,L117/120,1,3.0,6.0,1
706,L117/122,1,,2.0,1
707,L117/125,1,1.0,2.0,1
708,L117/127,1,1.0,5.0,1
709,L117/129,1,2.0,2.0,1
710,L117/131,1,1.0,1.0,1
711,L117/132,1,2.0,5.0,1
712,L117/133,1,4.0,4.0,1
713,L117/134,1,1.0,3.0,1
714,L117/137,1,1.0,3.0,1
715,L117/138,1,,4.0,1
716,L117/139,1,3.0,4.0,1
717,L117/140,1,2.0,4.0,1
718,L117/141,3,,4.0,3
719,L117/142,1,3.0,4.0,1
720,L117/144,1,1.0,3.0,1
721,L117/15,1,2.0,4.0,1
722,L117/16,1,1.0,3.0,1
723,L117/17,1,2.0,4.0,1
724,L117/18,1,2.0,6.0,1
725,L117/19,1,1.0,1.0,1
726,L117/2,1,1.0,2.0,1
727,L117/20,1,2.0,3.0,1
728,L117/21,1,2.0,2.0,1
729,L117/22,1,3.0,3.0,1
730,L117/23,1,1.0,4.0,1
731,L117/24,1,1.0,2.0,1
732,L117/25,1,3.0,3.0,1
733,L117/26,1,1.0,2.0,1
734,L117/27,1,2.0,3.0,1
735,L117/28,1,2.0,3.0,1
736,L117/29,1,1.0,4.0,1
737,L117/3,1,1.0,3.0,1
738,L117/30,1,2.0,4.0,1
739,L117/32,1,2.0,4.0,1
740,L117/33,1,4.0,4.0,1
741,L117/34,1,,1.0,1
742,L117/35,1,1.0,5.0,1
743,L117/36,1,1.0,3.0,1
744,L117/37,1,2.0,3.0,1
745,L117/38,1,2.0,5.0,1
746,L117/39,1,1.0,4.0,1
747,L117/4,1,1.0,3.0,1
748,L117/40,1,3.0,4.0,1
749,L117/41,1,1.0,5.0,1
750,L117/43,1,1.0,4.0,1
751,L117/44,1,2.0,3.0,1
752,L117/45,1,1.0,1.0,1
753,L117/47,1,1.0,3.0,1
754,L117/48,1,1.0,4.0,1
755,L117/49,1,2.0,4.0,1
756,L117/5,1,1.0,3.0,1
757,L117/50,1,4.0,2.0,1
758,L117/51,1,2.0,3.0,1
759,L117/52,10,6.0,10.0,10
760,L117/55,1,1.0,2.0,1
761,L117/56,1,3.0,5.0,1
762,L117/57,1,1.0,2.0,1
763,L117/58,1,2.0,3.0,1
764,L117/59,1,4.0,4.0,1
765,L117/6,1,2.0,3.0,1
766,L117/60,1,2.0,6.0,1
767,L117/61,1,1.0,2.0,1
768,L117/62,1,2.0,3.0,1
769,L117/63,1,4.0,4.0,1
770,L117/64,1,,3.0,1
771,L117/65,2,2.0,2.0,2
772,L117/67,1,3.0,6.0,1
773,L117/7,1,2.0,1.0,1
774,L117/71,1,3.0,6.0,1
775,L117/73,1,1.0,2.0,1
776,L117/74,1,2.0,3.0,1
777,L117/75,1,1.0,2.0,1
778,L117/79,1,1.0,2.0,1
779,L117/8,1,1.0,2.0,1
780,L117/80,1,3.0,1.0,1
781,L117/81,1,1.0,5.0,1
782,L117/82,1,1.0,3.0,1
783,L117/83,1,2.0,3.0,1
784,L117/84,1,3.0,4.0,1
785,L117/85,1,1.0,1.0,1
786,L117/87,1,2.0,3.0,1
787,L117/88,1,1.0,2.0,1
788,L117/89,1,1.0,3.0,1
789,L117/9,1,1.0,1.0,1
790,L117/90,1,2.0,5.0,1
791,L117/91,1,1.0,2.0,1
792,L117/92,1,1.0,2.0,1
793,L117/93,1,2.0,4.0,1
794,L117/94,1,3.0,4.0,1
795,L117/95,1,3.0,2.0,1
796,L117/97,1,2.0,5.0,1
797,L117/98,1,4.0,5.0,1
798,L117/99,1,3.0,3.0,1
799,L118/100,1,3.0,2.0,1
800,L118/102,1,3.0,2.0,1
801,L118/103,4,8.0,8.0,4
802,L118/104,1,5.0,5.0,1
803,L118/105,1,4.0,3.0,1
804,L118/106,1,2.0,4.0,1
805,L118/108,1,2.0,1.0,1
806,L118/109,1,5.0,5.0,1
807,L118/11,1,3.0,4.0,1
808,L118/110,1,2.0,5.0,1
809,L118/111,1,3.0,3.0,1
810,L118/112,1,,2.0,1
811,L118/113,1,,2.0,1
812,L118/114,1,1.0,4.0,1
813,L118/12,1,1.0,3.0,1
814,L118/120,1,3.0,5.0,1
815,L118/121,1,5.0,4.0,1
816,L118/124,1,2.0,5.0,1
817,L118/125,1,5.0,6.0,1
818,L118/126,1,3.0,4.0,1
819,L118/127,1,3.0,4.0,1
820,L118/128,1,6.0,6.0,1
821,L118/129,1,3.0,4.0,1
822,L118/13,1,,2.0,1
823,L118/130,1,5.0,4.0,1
824,L118/131,1,3.0,3.0,1
825,L118/132,1,2.0,3.0,1
826,L118/133,1,3.0,5.0,1
827,L118/134,1,3.0,3.0,1
828,L118/135,6,7.0,12.0,6
829,L118/136,1,4.0,2.0,1
830,L118/137,1,2.0,5.0,1
831,L118/139,1,3.0,3.0,1
832,L118/14,9,12.0,14.0,9
833,L118/141,1,1.0,3.0,1
834,L118/142,1,5.0,7.0,1
835,L118/144,1,1.0,5.0,1
836,L118/15,1,,1.0,1
837,L118/17,1,1.0,3.0,1
838,L118/18,1,1.0,3.0,1
839,L118/19,1,2.0,4.0,1
840,L118/2,1,1.0,3.0,1
841,L118/20,1,1.0,1.0,1
842,L118/21,1,2.0,3.0,1
843,L118/22,1,4.0,7.0,1
844,L118/23,1,1.0,1.0,1
845,L118/24,1,1.0,2.0,1
846,L118/25,1,3.0,4.0,1
847,L118/26,1,,1.0,1
848,L118/27,1,3.0,4.0,1
849,L118/28,1,1.0,1.0,1
850,L118/29,1,1.0,2.0,1
851,L118/30,1,2.0,3.0,1
852,L118/31,1,1.0,,1
853,L118/32,1,,1.0,1
854,L118/33,1,4.0,5.0,1
855,L118/34,1,3.0,4.0,1
856,L118/36,3,3.0,3.0,3
857,L118/37,1,2.0,6.0,1
858,L118/38,1,3.0,2.0,1
859,L118/39,1,2.0,3.0,1
860,L118/4,1,1.0,2.0,1
861,L118/41,1,1.0,2.0,1
862,L118/43,1,2.0,3.0,1
863,L118/44,1,2.0,3.0,1
864,L118/46,1,2.0,2.0,1
865,L118/47,1,2.0,2.0,1
866,L118/48,1,1.0,1.0,1
867,L118/49,1,1.0,4.0,1
868,L118/5,1,1.0,5.0,1
869,L118/50,1,1.0,2.0,1
870,L118/51,1,,2.0,1
871,L118/53,1,2.0,3.0,1
872,L118/55,1,2.0,1.0,1
873,L118/56,1,4.0,5.0,1
874,L118/57,1,2.0,5.0,1
875,L118/59,1,2.0,3.0,1
876,L118/6,1,1.0,3.0,1
877,L118/60,1,2.0,3.0,1
878,L118/61,1,2.0,3.0,1
879,L118/62,1,2.0,5.0,1
880,L118/63,1,1.0,4.0,1
881,L118/64,1,,1.0,1
882,L118/65,2,3.0,6.0,2
883,L118/66,7,7.0,11.0,7
884,L118/67,1,1.0,2.0,1
885,L118/68,1,1.0,1.0,1
886,L118/7,1,1.0,2.0,1
887,L118/70,1,1.0,1.0,1
888,L118/72,1,2.0,3.0,1
889,L118/73,1,1.0,1.0,1
890,L118/74,1,2.0,2.0,1
891,L118/76,1,2.0,4.0,1
892,L118/77,1,3.0,3.0,1
893,L118/78,1,4.0,5.0,1
894,L118/79,1,2.0,3.0,1
895,L118/8,1,,3.0,1
896,L118/80,8,5.0,14.0,8
897,L118/81,1,2.0,3.0,1
898,L118/82,1,2.0,3.0,1
899,L118/84,1,3.0,3.0,1
900,L118/86,1,3.0,6.0,1
901,L118/88,1,2.0,4.0,1
902,L118/89,1,3.0,3.0,1
903,L118/9,1,3.0,3.0,1
904,L118/90,1,2.0,2.0,1
905,L118/91,1,1.0,2.0,1
906,L118/92,1,2.0,1.0,1
907,L118/93,1,3.0,2.0,1
908,L118/94,1,2.0,2.0,1
909,L118/95,1,2.0,2.0,1
910,L118/96,1,,3.0,1
911,L118/97,1,3.0,5.0,1
912,L118/98,1,2.0,4.0,1
913,L118/99,1,1.0,2.0,1
914,L119/1,1,1.0,3.0,1
915,L119/10,1,1.0,1.0,1
916,L119/101,1,5.0,6.0,1
917,L119/104,1,4.0,4.0,1
918,L119/106,20,17.0,26.0,20
919,L119/11,1,3.0,5.0,1
920,L119/110,1,5.0,3.0,1
921,L119/114,1,3.0,5.0,1
922,L119/115,1,4.0,4.0,1
923,L119/116,1,5.0,5.0,1
924,L119/117,1,4.0,3.0,1
925,L119/119,1,6.0,4.0,1
926,L119/12,1,1.0,4.0,1
927,L119/121,1,7.0,7.0,1
928,L119/129,1,1.0,5.0,1
929,L119/13,1,4.0,5.0,1
930,L119/131,1,3.0,3.0,1
931,L119/132,1,3.0,3.0,1
932,L119/133,1,6.0,6.0,1
933,L119/134,10,12.0,20.0,10
934,L119/135,1,4.0,4.0,1
935,L119/140,1,6.0,6.0,1
936,L119/141,1,5.0,6.0,1
937,L119/142,1,4.0,7.0,1
938,L119/144,1,1.0,1.0,1
939,L119/16,1,5.0,8.0,1
940,L119/17,1,6.0,3.0,1
941,L119/18,1,4.0,5.0,1
942,L119/19,1,4.0,7.0,1
943,L119/2,1,6.0,6.0,1
944,L119/20,1,3.0,7.0,1
945,L119/21,1,2.0,2.0,1
946,L119/23,1,3.0,10.0,1
947,L119/27,1,3.0,5.0,1
948,L119/28,1,6.0,7.0,1
949,L119/29,1,5.0,4.0,1
950,L119/30,1,4.0,6.0,1
951,L119/31,1,3.0,7.0,1
952,L119/33,1,4.0,5.0,1
953,L119/34,1,1.0,1.0,1
954,L119/35,1,6.0,5.0,1
955,L119/36,1,2.0,3.0,1
956,L119/39,1,4.0,7.0,1
957,L119/4,1,3.0,6.0,1
958,L119/40,5,5.0,8.0,5
959,L119/41,2,2.0,4.0,2
960,L119/42,1,5.0,5.0,1
961,L119/45,1,4.0,3.0,1
962,L119/47,1,4.0,4.0,1
963,L119/48,1,4.0,5.0,1
964,L119/49,1,8.0,6.0,1
965,L119/5,1,5.0,5.0,1
966,L119/51,1,4.0,5.0,1
967,L119/53,1,6.0,6.0,1
968,L119/54,1,6.0,5.0,1
969,L119/60,1,2.0,2.0,1
970,L119/61,1,4.0,5.0,1
971,L119/62,1,6.0,5.0,1
972,L119/63,1,4.0,6.0,1
973,L119/64,1,4.0,3.0,1
974,L119/65,1,4.0,8.0,1
975,L119/67,1,2.0,2.0,1
976,L119/69,1,2.0,5.0,1
977,L119/70,1,3.0,4.0,1
978,L119/71,1,6.0,4.0,1
979,L119/72,1,6.0,7.0,1
980,L119/73,1,6.0,5.0,1
981,L119/75,1,6.0,4.0,1
982,L119/78,1,6.0,6.0,1
983,L119/79,1,3.0,6.0,1
984,L119/8,1,2.0,4.0,1
985,L119/80,1,2.0,2.0,1
986,L119/82,1,4.0,2.0,1
987,L119/84,1,7.0,7.0,1
988,L119/86,1,5.0,5.0,1
989,L119/87,2,3.0,4.0,2
990,L119/89,1,4.0,5.0,1
991,L119/90,1,5.0,6.0,1
992,L119/91,1,4.0,6.0,1
993,L119/92,1,2.0,5.0,1
994,L119/94,1,4.0,5.0,1
995,L119/95,1,5.0,4.0,1
996,L119/96,1,4.0,4.0,1
997,L119/97,1,5.0,5.0,1
998,L119/98,1,4.0,4.0,1
999,L119/99,1,4.0,4.0,1
1000,L11A/41,4,4.0,4.0,4
1001,L12/28,1,,2.0,1
1002,L12/30,2,2.0,4.0,2
1003,L12/33,2,2.0,2.0,2
1004,L120/1,1,,2.0,1
1005,L120/10,1,2.0,4.0,1
1006,L120/100,1,3.0,3.0,1
1007,L120/101,1,1.0,1.0,1
1008,L120/102,1,2.0,2.0,1
1009,L120/103,1,1.0,2.0,1
1010,L120/104,1,1.0,1.0,1
1011,L120/105,1,1.0,2.0,1
1012,L120/106,1,1.0,3.0,1
1013,L120/107,1,3.0,4.0,1
1014,L120/108,1,1.0,2.0,1
1015,L120/109,1,2.0,1.0,1
1016,L120/11,1,1.0,1.0,1
1017,L120/110,1,2.0,4.0,1
1018,L120/111,1,1.0,2.0,1
1019,L120/112,1,1.0,1.0,1
1020,L120/113,1,2.0,1.0,1
1021,L120/114,1,1.0,2.0,1
1022,L120/115,1,2.0,2.0,1
1023,L120/116,1,1.0,2.0,1
1024,L120/117,1,1.0,1.0,1
1025,L120/118,1,3.0,1.0,1
1026,L120/119,1,2.0,4.0,1
1027,L120/12,2,2.0,2.0,2
1028,L120/120,1,1.0,1.0,1
1029,L120/122,1,1.0,2.0,1
1030,L120/123,1,2.0,3.0,1
1031,L120/124,1,1.0,2.0,1
1032,L120/125,1,3.0,3.0,1
1033,L120/126,1,3.0,3.0,1
1034,L120/127,1,1.0,2.0,1
1035,L120/128,1,2.0,1.0,1
1036,L120/129,1,2.0,3.0,1
1037,L120/13,1,1.0,5.0,1
1038,L120/130,1,1.0,2.0,1
1039,L120/131,1,2.0,2.0,1
1040,L120/132,1,2.0,1.0,1
1041,L120/133,1,2.0,2.0,1
1042,L120/134,1,1.0,2.0,1
1043,L120/135,1,3.0,4.0,1
1044,L120/136,1,1.0,2.0,1
1045,L120/137,1,3.0,2.0,1
1046,L120/138,1,1.0,2.0,1
1047,L120/139,1,1.0,3.0,1
1048,L120/14,1,2.0,1.0,1
1049,L120/140,1,1.0,1.0,1
1050,L120/141,1,1.0,3.0,1
1051,L120/142,1,1.0,1.0,1
1052,L120/143,1,3.0,3.0,1
1053,L120/144,1,1.0,3.0,1
1054,L120/15,1,1.0,2.0,1
1055,L120/16,1,1.0,2.0,1
1056,L120/17,1,2.0,3.0,1
1057,L120/18,1,1.0,2.0,1
1058,L120/19,1,2.0,3.0,1
1059,L120/2,1,1.0,2.0,1
1060,L120/20,1,1.0,2.0,1
1061,L120/21,1,2.0,5.0,1
1062,L120/22,1,1.0,1.0,1
1063,L120/23,1,1.0,1.0,1
1064,L120/24,1,1.0,3.0,1
1065,L120/26,1,2.0,1.0,1
1066,L120/27,1,1.0,2.0,1
1067,L120/28,1,,1.0,1
1068,L120/29,1,2.0,2.0,1
1069,L120/3,1,2.0,4.0,1
1070,L120/30,4,4.0,4.0,4
1071,L120/31,1,1.0,1.0,1
1072,L120/32,1,1.0,1.0,1
1073,L120/33,1,1.0,2.0,1
1074,L120/34,1,4.0,3.0,1
1075,L120/35,1,1.0,1.0,1
1076,L120/36,1,1.0,1.0,1
1077,L120/37,1,1.0,2.0,1
1078,L120/38,1,1.0,2.0,1
1079,L120/39,1,1.0,1.0,1
1080,L120/4,1,1.0,3.0,1
1081,L120/40,1,2.0,3.0,1
1082,L120/41,1,4.0,4.0,1
1083,L120/42,1,1.0,2.0,1
1084,L120/43,1,3.0,5.0,1
1085,L120/44,1,1.0,1.0,1
1086,L120/45,1,2.0,3.0,1
1087,L120/46,1,1.0,1.0,1
1088,L120/47,1,1.0,3.0,1
1089,L120/48,1,1.0,3.0,1
1090,L120/49,1,1.0,1.0,1
1091,L120/5,1,1.0,2.0,1
1092,L120/50,1,3.0,2.0,1
1093,L120/51,1,1.0,1.0,1
1094,L120/52,1,2.0,3.0,1
1095,L120/53,1,1.0,2.0,1
1096,L120/54,1,1.0,2.0,1
1097,L120/55,1,2.0,3.0,1
1098,L120/56,1,1.0,2.0,1
1099,L120/57,1,2.0,3.0,1
1100,L120/58,1,2.0,3.0,1
1101,L120/59,1,1.0,2.0,1
1102,L120/6,1,2.0,4.0,1
1103,L120/60,1,2.0,3.0,1
1104,L120/61,1,,2.0,1
1105,L120/62,1,2.0,4.0,1
1106,L120/63,1,1.0,1.0,1
1107,L120/64,1,2.0,4.0,1
1108,L120/65,1,1.0,2.0,1
1109,L120/66,1,1.0,4.0,1
1110,L120/68,1,1.0,3.0,1
1111,L120/69,1,2.0,2.0,1
1112,L120/7,1,2.0,1.0,1
1113,L120/70,1,3.0,3.0,1
1114,L120/71,1,1.0,1.0,1
1115,L120/72,1,1.0,1.0,1
1116,L120/73,1,1.0,2.0,1
1117,L120/74,1,1.0,1.0,1
1118,L120/75,1,1.0,1.0,1
1119,L120/76,1,1.0,3.0,1
1120,L120/77,1,3.0,2.0,1
1121,L120/78,1,2.0,2.0,1
1122,L120/79,1,2.0,2.0,1
1123,L120/8 (+L120/10),1,2.0,2.0,1
1124,L120/80,1,2.0,3.0,1
1125,L120/81,1,1.0,3.0,1
1126,L120/82,1,1.0,1.0,1
1127,L120/83,1,1.0,2.0,1
1128,L120/84,1,,3.0,1
1129,L120/85,1,1.0,2.0,1
1130,L120/86,5,5.0,5.0,5
1131,L120/87,1,2.0,2.0,1
1132,L120/88,1,1.0,1.0,1
1133,L120/89,1,2.0,2.0,1
1134,L120/9,4,7.0,8.0,4
1135,L120/90,2,2.0,2.0,2
1136,L120/91,12,,12.0,12
1137,L120/92,1,2.0,2.0,1
1138,L120/93,1,1.0,1.0,1
1139,L120/94,1,1.0,1.0,1
1140,L120/95,1,2.0,2.0,1
1141,L120/97,1,2.0,3.0,1
1142,L120/98,1,2.0,2.0,1
1143,L120/99,1,2.0,2.0,1
1144,L121/1,1,1.0,4.0,1
1145,L121/10,1,2.0,3.0,1
1146,L121/103,1,2.0,4.0,1
1147,L121/107,1,3.0,6.0,1
1148,L121/109,1,,1.0,1
1149,L121/11,1,3.0,4.0,1
1150,L121/111,1,4.0,4.0,1
1151,L121/112,1,2.0,5.0,1
1152,L121/114,1,1.0,4.0,1
1153,L121/116,1,1.0,2.0,1
1154,L121/117,1,2.0,2.0,1
1155,L121/118,1,4.0,5.0,1
1156,L121/119,1,1.0,2.0,1
1157,L121/120,1,4.0,4.0,1
1158,L121/121,1,,5.0,1
1159,L121/122,1,2.0,4.0,1
1160,L121/124,1,3.0,6.0,1
1161,L121/125,1,1.0,3.0,1
1162,L121/126,1,1.0,2.0,1
1163,L121/127,1,2.0,5.0,1
1164,L121/128,1,2.0,5.0,1
1165,L121/129,1,,1.0,1
1166,L121/13,1,1.0,3.0,1
1167,L121/130,1,2.0,4.0,1
1168,L121/131,1,2.0,3.0,1
1169,L121/132,1,1.0,2.0,1
1170,L121/133,7,8.0,8.0,7
1171,L121/135,1,2.0,4.0,1
1172,L121/136,6,12.0,6.0,6
1173,L121/137,1,2.0,2.0,1
1174,L121/138,1,1.0,2.0,1
1175,L121/139,1,,2.0,1
1176,L121/140,1,2.0,2.0,1
1177,L121/141,1,1.0,4.0,1
1178,L121/143,1,2.0,6.0,1
1179,L121/144,1,1.0,1.0,1
1180,L121/18,1,2.0,4.0,1
1181,L121/19,1,3.0,6.0,1
1182,L121/2,1,2.0,3.0,1
1183,L121/20,1,4.0,3.0,1
1184,L121/21,1,3.0,4.0,1
1185,L121/22,1,2.0,4.0,1
1186,L121/23,1,2.0,5.0,1
1187,L121/25,6,3.0,6.0,6
1188,L121/27,1,2.0,4.0,1
1189,L121/28,1,3.0,3.0,1
1190,L121/29,1,1.0,5.0,1
1191,L121/3,1,2.0,4.0,1
1192,L121/30,1,1.0,2.0,1
1193,L121/33,1,4.0,4.0,1
1194,L121/36,1,1.0,4.0,1
1195,L121/37,1,2.0,3.0,1
1196,L121/39,1,2.0,3.0,1
1197,L121/4,1,1.0,7.0,1
1198,L121/42,5,5.0,9.0,5
1199,L121/43,1,3.0,6.0,1
1200,L121/44,1,4.0,3.0,1
1201,L121/46,1,3.0,2.0,1
1202,L121/47,1,3.0,6.0,1
1203,L121/48,1,3.0,6.0,1
1204,L121/49,1,4.0,7.0,1
1205,L121/5,1,2.0,2.0,1
1206,L121/50,1,3.0,4.0,1
1207,L121/51,1,3.0,5.0,1
1208,L121/52,1,2.0,4.0,1
1209,L121/53,1,1.0,2.0,1
1210,L121/55,1,2.0,3.0,1
1211,L121/56,1,4.0,6.0,1
1212,L121/58,1,2.0,1.0,1
1213,L121/59,1,5.0,5.0,1
1214,L121/6,1,2.0,4.0,1
1215,L121/60,1,1.0,7.0,1
1216,L121/61,1,,2.0,1
1217,L121/62,1,3.0,4.0,1
1218,L121/63,1,3.0,6.0,1
1219,L121/64,1,4.0,7.0,1
1220,L121/65,1,1.0,2.0,1
1221,L121/66,1,1.0,7.0,1
1222,L121/68,1,2.0,5.0,1
1223,L121/69,1,1.0,5.0,1
1224,L121/7,1,2.0,3.0,1
1225,L121/70,1,2.0,4.0,1
1226,L121/71,1,2.0,8.0,1
1227,L121/73,1,1.0,4.0,1
1228,L121/74,1,3.0,6.0,1
1229,L121/75,1,2.0,5.0,1
1230,L121/79,1,2.0,4.0,1
1231,L121/80,1,4.0,5.0,1
1232,L121/82,1,1.0,3.0,1
1233,L121/83,1,1.0,3.0,1
1234,L121/84,1,4.0,5.0,1
1235,L121/86,1,4.0,4.0,1
1236,L121/89,1,1.0,4.0,1
1237,L121/9,1,1.0,3.0,1
1238,L121/92,1,1.0,3.0,1
1239,L121/93,1,2.0,2.0,1
1240,L121/94,1,2.0,4.0,1
1241,L121/95,1,2.0,4.0,1
1242,L121/96,1,2.0,5.0,1
1243,L121/97,1,2.0,7.0,1
1244,L122/1,1,,1.0,1
1245,L122/10,1,1.0,3.0,1
1246,L122/100,1,4.0,7.0,1
1247,L122/101,1,2.0,3.0,1
1248,L122/102,1,2.0,2.0,1
1249,L122/103,1,4.0,5.0,1
1250,L122/104,1,4.0,4.0,1
1251,L122/105,1,2.0,3.0,1
1252,L122/106,1,3.0,4.0,1
1253,L122/107,1,,2.0,1
1254,L122/108,1,4.0,4.0,1
1255,L122/109,1,2.0,2.0,1
1256,L122/11,1,1.0,4.0,1
1257,L122/110,4,6.0,10.0,4
1258,L122/111,1,2.0,4.0,1
1259,L122/112,1,2.0,3.0,1
1260,L122/113,1,4.0,4.0,1
1261,L122/114,1,1.0,3.0,1
1262,L122/115,1,2.0,3.0,1
1263,L122/116,3,5.0,8.0,3
1264,L122/117,4,9.0,12.0,4
1265,L122/119,1,2.0,3.0,1
1266,L122/120,4,8.0,10.0,4
1267,L122/122,1,,2.0,1
1268,L122/123,4,3.0,7.0,4
1269,L122/124,1,2.0,3.0,1
1270,L122/125,1,2.0,4.0,1
1271,L122/126,1,1.0,4.0,1
1272,L122/127,1,2.0,5.0,1
1273,L122/128,3,4.0,8.0,3
1274,L122/129,4,6.0,8.0,4
1275,L122/130,3,6.0,6.0,3
1276,L122/131,4,7.0,6.0,4
1277,L122/132,4,5.0,5.0,4
1278,L122/133,4,4.0,5.0,4
1279,L122/134,1,1.0,1.0,1
1280,L122/135,4,4.0,5.0,4
1281,L122/136,4,4.0,4.0,4
1282,L122/137,1,3.0,2.0,1
1283,L122/138,1,2.0,2.0,1
1284,L122/139,2,2.0,4.0,2
1285,L122/140,1,1.0,2.0,1
1286,L122/141,3,6.0,6.0,3
1287,L122/142,1,4.0,2.0,1
1288,L122/143,1,,1.0,1
1289,L122/144,8,8.0,8.0,8
1290,L122/15,4,8.0,8.0,4
1291,L122/16,1,1.0,2.0,1
1292,L122/17,1,2.0,3.0,1
1293,L122/18,1,2.0,4.0,1
1294,L122/19,1,2.0,2.0,1
1295,L122/2,4,9.0,11.0,4
1296,L122/20,4,6.0,5.0,4
1297,L122/21,1,1.0,4.0,1
1298,L122/22,1,2.0,2.0,1
1299,L122/23,1,1.0,1.0,1
1300,L122/24,1,,2.0,1
1301,L122/26,1,1.0,1.0,1
1302,L122/27,4,6.0,5.0,4
1303,L122/29,1,3.0,2.0,1
1304,L122/3,4,8.0,7.0,4
1305,L122/30,4,4.0,11.0,4
1306,L122/31,1,4.0,2.0,1
1307,L122/33,1,4.0,4.0,1
1308,L122/34,1,2.0,2.0,1
1309,L122/37,1,2.0,3.0,1
1310,L122/39,1,,1.0,1
1311,L122/4,2,2.0,1.0,2
1312,L122/40,1,2.0,2.0,1
1313,L122/41,1,1.0,2.0,1
1314,L122/43,4,4.0,8.0,4
1315,L122/45,1,2.0,2.0,1
1316,L122/48,1,1.0,2.0,1
1317,L122/49,1,1.0,5.0,1
1318,L122/5,4,3.0,5.0,4
1319,L122/50,1,1.0,3.0,1
1320,L122/51,1,2.0,5.0,1
1321,L122/52,1,2.0,2.0,1
1322,L122/53,1,2.0,3.0,1
1323,L122/54,1,2.0,4.0,1
1324,L122/55,4,5.0,7.0,4
1325,L122/56,1,1.0,3.0,1
1326,L122/57,1,1.0,,1
1327,L122/58,3,2.0,4.0,3
1328,L122/59,1,2.0,1.0,1
1329,L122/6,6,6.0,6.0,6
1330,L122/60,1,,1.0,1
1331,L122/61,3,6.0,6.0,3
1332,L122/62,1,3.0,3.0,1
1333,L122/63,1,1.0,1.0,1
1334,L122/64,1,2.0,3.0,1
1335,L122/65,1,2.0,2.0,1
1336,L122/66,1,2.0,4.0,1
1337,L122/67,1,1.0,1.0,1
1338,L122/68,3,3.0,3.0,3
1339,L122/7,1,1.0,2.0,1
1340,L122/70,1,,1.0,1
1341,L122/71,1,1.0,2.0,1
1342,L122/72,1,1.0,,1
1343,L122/73,1,3.0,3.0,1
1344,L122/74,1,1.0,1.0,1
1345,L122/75,1,1.0,1.0,1
1346,L122/76,1,2.0,2.0,1
1347,L122/77,1,2.0,2.0,1
1348,L122/80,1,2.0,2.0,1
1349,L122/81,1,1.0,3.0,1
1350,L122/82,1,2.0,2.0,1
1351,L122/83,1,2.0,3.0,1
1352,L122/84,1,4.0,6.0,1
1353,L122/85,1,2.0,2.0,1
1354,L122/86,1,3.0,4.0,1
1355,L122/87,1,,3.0,1
1356,L122/88,3,3.0,7.0,3
1357,L122/89,1,5.0,5.0,1
1358,L122/9,1,1.0,2.0,1
1359,L122/90,1,2.0,1.0,1
1360,L122/91,1,3.0,2.0,1
1361,L122/92,1,2.0,3.0,1
1362,L122/93,1,,2.0,1
1363,L122/94,1,2.0,4.0,1
1364,L122/96,1,1.0,2.0,1
1365,L122/97,1,,4.0,1
1366,L122/98,1,1.0,4.0,1
1367,L122/99,1,,2.0,1
1368,L123/109,5,7.0,10.0,5
1369,L123/46,5,5.0,10.0,5
1370,L123/53,3,5.0,4.0,3
1371,L123/67,4,4.0,6.0,4
1372,L124/1,1,2.0,5.0,1
1373,L124/10,1,2.0,3.0,1
1374,L124/100,1,3.0,3.0,1
1375,L124/101,1,3.0,5.0,1
1376,L124/102,1,1.0,5.0,1
1377,L124/103,1,1.0,5.0,1
1378,L124/104,1,3.0,3.0,1
1379,L124/105,1,1.0,4.0,1
1380,L124/106,1,2.0,3.0,1
1381,L124/107,14,24.0,32.0,14
1382,L124/108,1,3.0,3.0,1
1383,L124/109,1,1.0,3.0,1
1384,L124/11,2,4.0,6.0,2
1385,L124/110,1,2.0,5.0,1
1386,L124/111,1,3.0,5.0,1
1387,L124/112,1,3.0,3.0,1
1388,L124/113,1,1.0,3.0,1
1389,L124/114,17,19.0,23.0,17
1390,L124/115,1,2.0,3.0,1
1391,L124/116,1,2.0,4.0,1
1392,L124/117,1,2.0,4.0,1
1393,L124/118,1,1.0,2.0,1
1394,L124/119,1,1.0,3.0,1
1395,L124/12,1,3.0,5.0,1
1396,L124/120,1,1.0,2.0,1
1397,L124/121,1,2.0,3.0,1
1398,L124/122,1,1.0,5.0,1
1399,L124/123,1,1.0,2.0,1
1400,L124/124,1,2.0,2.0,1
1401,L124/125,1,2.0,6.0,1
1402,L124/126,1,4.0,5.0,1
1403,L124/127,1,3.0,6.0,1
1404,L124/128,1,,4.0,1
1405,L124/129,1,1.0,4.0,1
1406,L124/13,1,2.0,5.0,1
1407,L124/130,1,5.0,2.0,1
1408,L124/131,1,3.0,4.0,1
1409,L124/132,1,3.0,6.0,1
1410,L124/133,1,1.0,2.0,1
1411,L124/134,1,1.0,4.0,1
1412,L124/135,1,1.0,3.0,1
1413,L124/136,1,2.0,6.0,1
1414,L124/137,1,2.0,2.0,1
1415,L124/138,1,2.0,4.0,1
1416,L124/139,1,6.0,6.0,1
1417,L124/14,4,5.0,7.0,4
1418,L124/140,1,3.0,6.0,1
1419,L124/141,1,2.0,4.0,1
1420,L124/142,1,2.0,4.0,1
1421,L124/143,1,3.0,5.0,1
1422,L124/144,1,3.0,4.0,1
1423,L124/15,1,5.0,5.0,1
1424,L124/16,1,1.0,2.0,1
1425,L124/17,1,1.0,4.0,1
1426,L124/18,1,4.0,6.0,1
1427,L124/19,1,3.0,4.0,1
1428,L124/2,1,2.0,3.0,1
1429,L124/20,4,7.0,10.0,4
1430,L124/21,1,3.0,2.0,1
1431,L124/22,1,3.0,4.0,1
1432,L124/23,1,2.0,4.0,1
1433,L124/24,1,1.0,4.0,1
1434,L124/25,4,7.0,7.0,4
1435,L124/26,1,2.0,4.0,1
1436,L124/27,1,2.0,3.0,1
1437,L124/28,1,1.0,3.0,1
1438,L124/3,1,1.0,4.0,1
1439,L124/30,1,1.0,3.0,1
1440,L124/31,1,2.0,5.0,1
1441,L124/32,1,4.0,4.0,1
1442,L124/33,1,2.0,4.0,1
1443,L124/34,1,4.0,3.0,1
1444,L124/35,12,15.0,22.0,12
1445,L124/36,1,3.0,4.0,1
1446,L124/37,1,3.0,5.0,1
1447,L124/38,1,3.0,5.0,1
1448,L124/39,3,4.0,5.0,3
1449,L124/4,14,22.0,24.0,14
1450,L124/40,1,3.0,5.0,1
1451,L124/41,18,22.0,31.0,18
1452,L124/42,1,3.0,7.0,1
1453,L124/44,1,2.0,4.0,1
1454,L124/45,1,1.0,3.0,1
1455,L124/46,1,3.0,3.0,1
1456,L124/47,1,1.0,1.0,1
1457,L124/48,1,1.0,5.0,1
1458,L124/49,1,3.0,3.0,1
1459,L124/5,1,2.0,4.0,1
1460,L124/50,1,2.0,3.0,1
1461,L124/51,1,,3.0,1
1462,L124/52,1,2.0,3.0,1
1463,L124/53,1,4.0,6.0,1
1464,L124/54,1,2.0,5.0,1
1465,L124/56,4,5.0,8.0,4
1466,L124/57,1,2.0,3.0,1
1467,L124/58,1,3.0,6.0,1
1468,L124/59,7,7.0,7.0,7
1469,L124/6,1,2.0,3.0,1
1470,L124/60,1,3.0,3.0,1
1471,L124/61,1,4.0,4.0,1
1472,L124/62,1,3.0,2.0,1
1473,L124/63,1,4.0,6.0,1
1474,L124/64,1,3.0,6.0,1
1475,L124/65,1,1.0,6.0,1
1476,L124/66,1,2.0,4.0,1
1477,L124/67,1,2.0,6.0,1
1478,L124/68,2,2.0,2.0,2
1479,L124/69,1,4.0,6.0,1
1480,L124/7,1,1.0,3.0,1
1481,L124/70,1,2.0,4.0,1
1482,L124/71,1,3.0,4.0,1
1483,L124/72,1,2.0,3.0,1
1484,L124/73,1,5.0,4.0,1
1485,L124/74,1,2.0,1.0,1
1486,L124/75,1,2.0,6.0,1
1487,L124/76,1,2.0,4.0,1
1488,L124/77,1,2.0,4.0,1
1489,L124/78,1,1.0,3.0,1
1490,L124/79,1,1.0,5.0,1
1491,L124/8,1,1.0,2.0,1
1492,L124/80,3,6.0,6.0,3
1493,L124/81,2,4.0,8.0,2
1494,L124/82,1,2.0,3.0,1
1495,L124/83,1,2.0,3.0,1
1496,L124/84,1,2.0,4.0,1
1497,L124/85,1,3.0,4.0,1
1498,L124/86,1,2.0,2.0,1
1499,L124/87,1,3.0,6.0,1
1500,L124/88,1,2.0,6.0,1
1501,L124/89,1,3.0,3.0,1
1502,L124/9,4,9.0,14.0,4
1503,L124/90,1,2.0,5.0,1
1504,L124/91,1,1.0,3.0,1
1505,L124/92,1,3.0,5.0,1
1506,L124/93,1,1.0,2.0,1
1507,L124/94,1,3.0,4.0,1
1508,L124/95,1,2.0,2.0,1
1509,L124/96,1,2.0,4.0,1
1510,L124/97,1,1.0,3.0,1
1511,L124/98,1,2.0,5.0,1
1512,L124/99,1,2.0,4.0,1
1513,L125/115,7,8.0,7.0,7
1514,L125/118,1,,2.0,1
1515,L125/121,6,6.0,6.0,6
1516,L125/129,5,5.0,5.0,5
1517,L125/18,8,7.0,11.0,8
1518,L125/76,12,11.0,12.0,12
1519,L126/113,3,3.0,3.0,3
1520,L126/49,1,1.0,1.0,1
1521,L126/93,4,4.0,4.0,4
1522,L126/97,2,4.0,2.0,2
1523,L127/10,1,2.0,2.0,1
1524,L127/100,1,5.0,6.0,1
1525,L127/101,1,2.0,6.0,1
1526,L127/102,1,3.0,3.0,1
1527,L127/103,1,2.0,6.0,1
1528,L127/104,1,6.0,9.0,1
1529,L127/105,1,3.0,6.0,1
1530,L127/106,3,2.0,5.0,3
1531,L127/108,1,5.0,5.0,1
1532,L127/109,1,3.0,6.0,1
1533,L127/11,1,3.0,7.0,1
1534,L127/113,1,5.0,5.0,1
1535,L127/114,1,3.0,5.0,1
1536,L127/115,1,3.0,6.0,1
1537,L127/116,1,3.0,4.0,1
1538,L127/117,1,3.0,7.0,1
1539,L127/118,1,4.0,3.0,1
1540,L127/119,1,3.0,7.0,1
1541,L127/12,5,5.0,10.0,5
1542,L127/120,1,4.0,4.0,1
1543,L127/121,1,5.0,6.0,1
1544,L127/122,1,2.0,5.0,1
1545,L127/123,1,4.0,5.0,1
1546,L127/124,1,3.0,4.0,1
1547,L127/125,1,3.0,5.0,1
1548,L127/126,1,4.0,4.0,1
1549,L127/127,1,2.0,5.0,1
1550,L127/128,1,4.0,6.0,1
1551,L127/129,1,4.0,3.0,1
1552,L127/13,1,4.0,9.0,1
1553,L127/130,1,5.0,5.0,1
1554,L127/131,1,4.0,6.0,1
1555,L127/132,1,4.0,7.0,1
1556,L127/133,1,4.0,7.0,1
1557,L127/134,1,1.0,3.0,1
1558,L127/135,1,6.0,7.0,1
1559,L127/136,1,5.0,6.0,1
1560,L127/137,1,3.0,5.0,1
1561,L127/138,1,3.0,5.0,1
1562,L127/139,1,3.0,5.0,1
1563,L127/14,1,6.0,6.0,1
1564,L127/140,1,2.0,5.0,1
1565,L127/141,1,2.0,5.0,1
1566,L127/142,1,4.0,3.0,1
1567,L127/16,1,2.0,5.0,1
1568,L127/18,1,2.0,4.0,1
1569,L127/19,1,4.0,6.0,1
1570,L127/2,1,3.0,3.0,1
1571,L127/20,1,5.0,9.0,1
1572,L127/21,1,4.0,4.0,1
1573,L127/22,1,2.0,3.0,1
1574,L127/24,1,4.0,6.0,1
1575,L127/25,1,3.0,5.0,1
1576,L127/26,1,2.0,4.0,1
1577,L127/27,1,2.0,5.0,1
1578,L127/29,1,3.0,3.0,1
1579,L127/30,1,3.0,6.0,1
1580,L127/31,1,3.0,7.0,1
1581,L127/32,1,2.0,5.0,1
1582,L127/33,1,5.0,5.0,1
1583,L127/34,1,3.0,4.0,1
1584,L127/35,1,2.0,3.0,1
1585,L127/36,1,3.0,2.0,1
1586,L127/37,1,5.0,7.0,1
1587,L127/38,1,5.0,4.0,1
1588,L127/39,1,3.0,4.0,1
1589,L127/40,1,3.0,6.0,1
1590,L127/41,1,2.0,4.0,1
1591,L127/42,1,3.0,6.0,1
1592,L127/43,1,1.0,4.0,1
1593,L127/44,1,3.0,6.0,1
1594,L127/45,1,2.0,5.0,1
1595,L127/46,1,6.0,6.0,1
1596,L127/48,1,3.0,4.0,1
1597,L127/5,1,4.0,3.0,1
1598,L127/50,1,2.0,3.0,1
1599,L127/51,1,2.0,4.0,1
1600,L127/52,1,4.0,9.0,1
1601,L127/53,1,3.0,6.0,1
1602,L127/54,1,6.0,9.0,1
1603,L127/55,1,3.0,5.0,1
1604,L127/56,1,2.0,4.0,1
1605,L127/58,1,2.0,6.0,1
1606,L127/59,1,5.0,4.0,1
1607,L127/6,1,2.0,4.0,1
1608,L127/60,1,5.0,6.0,1
1609,L127/61,1,3.0,6.0,1
1610,L127/62,1,4.0,5.0,1
1611,L127/63,1,1.0,3.0,1
1612,L127/66,1,3.0,3.0,1
1613,L127/67,1,2.0,7.0,1
1614,L127/68,1,3.0,5.0,1
1615,L127/69,1,6.0,6.0,1
1616,L127/7,1,2.0,4.0,1
1617,L127/70,1,4.0,4.0,1
1618,L127/71,1,3.0,3.0,1
1619,L127/72,1,5.0,6.0,1
1620,L127/73,1,2.0,6.0,1
1621,L127/74,1,1.0,1.0,1
1622,L127/76,1,5.0,4.0,1
1623,L127/77,1,2.0,4.0,1
1624,L127/78,1,5.0,7.0,1
1625,L127/79,1,5.0,7.0,1
1626,L127/8,5,5.0,5.0,5
1627,L127/80,1,3.0,3.0,1
1628,L127/81,1,6.0,6.0,1
1629,L127/82,1,2.0,1.0,1
1630,L127/83,1,3.0,6.0,1
1631,L127/84,1,4.0,4.0,1
1632,L127/85,1,3.0,5.0,1
1633,L127/86,1,4.0,5.0,1
1634,L127/88,1,4.0,3.0,1
1635,L127/89,1,3.0,5.0,1
1636,L127/9,1,1.0,2.0,1
1637,L127/90,2,3.0,3.0,2
1638,L127/91,1,4.0,7.0,1
1639,L127/92,1,3.0,6.0,1
1640,L127/93,1,4.0,8.0,1
1641,L127/94,1,3.0,7.0,1
1642,L127/95,1,4.0,4.0,1
1643,L127/98,1,5.0,7.0,1
1644,L127/99,1,4.0,7.0,1
1645,L128/124,3,2.0,7.0,3
1646,L128/15,4,4.0,8.0,4
1647,L128/18,5,5.0,10.0,5
1648,L128/36,2,4.0,5.0,2
1649,L128/43,4,4.0,10.0,4
1650,L128/89,4,4.0,6.0,4
1651,L129/11,3,3.0,3.0,3
1652,L129/117,3,4.0,8.0,3
1653,L129/123,3,2.0,4.0,3
1654,L129/14,3,4.0,5.0,3
1655,L129/19,1,1.0,1.0,1
1656,L129/23,3,3.0,3.0,3
1657,L129/27,4,4.0,4.0,4
1658,L129/55,1,2.0,4.0,1
1659,L129/57,3,6.0,7.0,3
1660,L129/6,3,3.0,4.0,3
1661,L129/62,3,4.0,6.0,3
1662,L129/86,3,3.0,4.0,3
1663,L129/87,1,1.0,1.0,1
1664,L129/88,3,5.0,8.0,3
1665,L129/93,4,4.0,4.0,4
1666,L129/96,4,6.0,5.0,4
1667,L130/1,4,4.0,7.0,4
1668,L130/119,4,4.0,4.0,4
1669,L130/27,4,4.0,8.0,4
1670,L130/49,4,4.0,4.0,4
1671,L131/17,4,4.0,4.0,4
1672,L131/20,4,4.0,4.0,4
1673,L131/27,4,4.0,5.0,4
1674,L131/42,4,4.0,4.0,4
1675,L131/60,3,3.0,6.0,3
1676,L132/18,4,8.0,4.0,4
1677,L132/37,4,4.0,4.0,4
1678,L132/68,5,1.0,6.0,5
1679,L132/76,5,7.0,6.0,5
1680,L132/80,5,4.0,9.0,5
1681,L14/12,3,1.0,4.0,3
1682,L14/2,4,,4.0,4
1683,L16/24,1,1.0,1.0,1
1684,L16/33,1,1.0,1.0,1
1685,L16/45,2,2.0,2.0,2
1686,L17/75,4,4.0,4.0,4
1687,L18A/3,4,4.0,4.0,4
1688,L18A/3R,1,1.0,1.0,1
1689,L20/23,4,4.0,4.0,4
1690,L20/26,4,4.0,4.0,4
1691,L20/41,5,6.0,7.0,5
1692,L20/8,5,5.0,5.0,5
1693,L20/8R,1,1.0,1.0,1
1694,L21/14,1,1.0,1.0,1
1695,L21/15,1,3.0,2.0,1
1696,L21/31,1,2.0,2.0,1
1697,L21/32,6,8.0,7.0,6
1698,L23/27,7,7.0,13.0,7
1699,L24/1,6,6.0,6.0,6
1700,L24/11,6,6.0,6.0,6
1701,L24/18,6,6.0,7.0,6
1702,L24/19,6,6.0,12.0,6
1703,L24/20,6,7.0,7.0,6
1704,L24/21,6,6.0,6.0,6
1705,L24/24,6,,6.0,6
1706,L28/36,5,5.0,5.0,5
1707,L28/4,6,11.0,9.0,6
1708,L28/4R,1,1.0,1.0,1
1709,L28/9,5,8.0,9.0,5
1710,L3/19,4,4.0,5.0,4
1711,L3/8,4,4.0,4.0,4
1712,L30/1,4,4.0,4.0,4
1713,L30/26,4,4.0,4.0,4
1714,L30/34,4,4.0,4.0,4
1715,L30/45,4,4.0,8.0,4
1716,L30/8,4,6.0,7.0,4
1717,L32/12,4,5.0,5.0,4
1718,L32/17,4,4.0,4.0,4
1719,L33/33,5,5.0,5.0,5
1720,L36/12,2,2.0,2.0,2
1721,L38/1,5,5.0,7.0,5
1722,L38/11,3,5.0,6.0,3
1723,L38/20,3,3.0,3.0,3
1724,L38/3,3,3.0,3.0,3
1725,L39/15,4,,4.0,4
1726,L4/25,4,,8.0,4
1727,L4/6,4,5.0,8.0,4
1728,L42/17,3,4.0,3.0,3
1729,L42/17R,1,1.0,1.0,1
1730,L43/40,4,4.0,4.0,4
1731,L43/40R,1,1.0,1.0,1
1732,L43/6,3,1.0,3.0,3
1733,L45/1,4,4.0,6.0,4
1734,L45/30,4,4.0,4.0,4
1735,L46/39,4,4.0,4.0,4
1736,L46/41,4,4.0,4.0,4
1737,L46/45,4,6.0,4.0,4
1738,L47/41,1,1.0,1.0,1
1739,L48A/29,5,5.0,5.0,5
1740,L48A/31,5,5.0,5.0,5
1741,L48A/9,6,6.0,12.0,6
1742,L49/20,1,1.0,1.0,1
1743,L5/1,4,4.0,4.0,4
1744,L5/1R,1,1.0,1.0,1
1745,L51/57,4,4.0,6.0,4
1746,L51/73,4,4.0,4.0,4
1747,L51/74,5,3.0,7.0,5
1748,L51/80,4,5.0,5.0,4
1749,L51/82,5,6.0,5.0,5
1750,L51/82R,1,1.0,1.0,1
1751,L52/29,2,,4.0,2
1752,L52A/9,1,,2.0,1
1753,L55/10,3,3.0,3.0,3
1754,L55/11,2,2.0,4.0,2
1755,L55/25,3,3.0,3.0,3
1756,L55/3,2,2.0,2.0,2
1757,L55/54,3,3.0,3.0,3
1758,L55/6,1,1.0,2.0,1
1759,L57/23,6,9.0,6.0,6
1760,L57/46,5,5.0,5.0,5
1761,L57/47,6,11.0,9.0,6
1762,L57/9,6,6.0,12.0,6
1763,L58A/1,2,2.0,2.0,2
1764,L58A/13,2,2.0,2.0,2
1765,L58A/18,4,4.0,4.0,4
1766,L58A/6,4,4.0,4.0,4
1767,L6/2,4,4.0,4.0,4
1768,L6/23,5,5.0,6.0,5
1769,L6/23R,1,1.0,1.0,1
1770,L6/25,4,4.0,4.0,4
1771,L6/43,4,3.0,5.0,4
1772,L6/47,4,4.0,4.0,4
1773,L6/48,3,3.0,3.0,3
1774,L6/54,1,1.0,1.0,1
1775,L6/55,4,4.0,6.0,4
1776,L6/60,4,4.0,5.0,4
1777,L6/67,4,4.0,4.0,4
1778,L60/14,4,4.0,8.0,4
1779,L60/2,4,4.0,4.0,4
1780,L60/4,3,3.0,3.0,3
1781,L60/4R,1,1.0,1.0,1
1782,L61/14,5,4.0,5.0,5
1783,L61/14R,1,1.0,1.0,1
1784,L61C/25,4,4.0,8.0,4
1785,L61C/30,5,5.0,5.0,5
1786,L61C/7,4,4.0,4.0,4
1787,L62/1,1,1.0,2.0,1
1788,L62/29,4,4.0,4.0,4
1789,L63/22,2,2.0,2.0,2
1790,L63/30,2,3.0,3.0,2
1791,L63/35,1,2.0,3.0,1
1792,L63/48,1,,1.0,1
1793,L64/1,1,1.0,2.0,1
1794,L64/17,1,1.0,1.0,1
1795,L64/32,1,1.0,1.0,1
1796,L64/4,1,1.0,2.0,1
1797,L66/9,3,3.0,3.0,3
1798,L67/53,4,1.0,5.0,4
1799,L68/1,3,3.0,3.0,3
1800,L68/4,3,,3.0,3
1801,L69/42,4,1.0,4.0,4
1802,L69/45,2,1.0,2.0,2
1803,L69/47,1,,1.0,1
1804,L7/1,4,,4.0,4
1805,L7/2,1,,1.0,1
1806,L7/3,3,3.0,7.0,3
1807,L7/4,2,,2.0,2
1808,L7/5,3,1.0,4.0,3
1809,L7/8,3,3.0,7.0,3
1810,L70A/1,4,4.0,8.0,4
1811,L70A/8,2,,2.0,2
1812,L71/22,5,6.0,6.0,5
1813,L71/5,6,5.0,6.0,6
1814,L72/1,4,,7.0,4
1815,L72/13,1,,1.0,1
1816,L72/14,1,,1.0,1
1817,L72/5,4,1.0,7.0,4
1818,L72/6,4,,8.0,4
1819,L75/6,4,,4.0,4
1820,L76/36,8,9.0,16.0,8
1821,L76/44,4,2.0,4.0,4
1822,L76/49,3,3.0,3.0,3
1823,L76/53,2,2.0,2.0,2
1824,L76/72,2,3.0,3.0,2
1825,L76/89,4,4.0,4.0,4
1826,L8/15,5,5.0,11.0,5
1827,L8/15R,1,1.0,1.0,1
1828,L8/21,1,1.0,1.0,1
1829,L8/23,3,3.0,3.0,3
1830,L8/4,4,4.0,4.0,4
1831,L80/21,6,5.0,12.0,6
1832,L83/11,7,6.0,7.0,7
1833,L83/81,7,8.0,16.0,7
1834,L85/23,2,3.0,3.0,2
1835,L85/3,4,4.0,4.0,4
1836,L85/39,2,2.0,1.0,2
1837,L85/44,4,4.0,8.0,4
1838,L86/14,5,5.0,5.0,5
1839,L86/2,5,5.0,5.0,5
1840,L86/33,11,14.0,18.0,11
1841,L86/36,5,5.0,5.0,5
1842,L86A/37,4,4.0,8.0,4
1843,L86A/43,7,5.0,10.0,7
1844,L87/37,3,3.0,3.0,3
1845,L88/86,10,8.0,16.0,10
1846,L89/24,3,,3.0,3
1847,L89/71,2,,2.0,2
1848,L9/11,1,1.0,1.0,1
1849,L9/30,4,4.0,8.0,4
1850,L9/41,6,6.0,6.0,6
1851,L9/42,5,5.0,5.0,5
1852,L9/48,2,2.0,2.0,2
1853,L92/21,3,4.0,3.0,3
1854,L92/70,4,,4.0,4
1855,L92/89,2,1.0,2.0,2
1856,L94/54,3,6.0,6.0,3
1857,L95A/42,3,7.0,4.0,3
1858,L95A/44,1,4.0,4.0,1
1859,L95A/60,5,5.0,12.0,5
1860,L95A/61,3,3.0,6.0,3
1861,L96/162,4,7.0,13.0,4
1862,L96/6,1,1.0,1.0,1
1863,L96/86,2,3.0,3.0,2
1864,L97A/35,7,7.0,10.0,7
1865,L97A/49,2,2.0,2.0,2
1866,L98/11,3,3.0,3.0,3
1867,L98/12,2,3.0,3.0,2
1868,L98/14,2,2.0,2.0,2
1869,L98/17,3,2.0,5.0,3
1870,N1/12,6,8.0,14.0,6
1871,N1/49,1,1.0,1.0,1
1872,N1/52,1,1.0,1.0,1
1873,N1/55,1,1.0,1.0,1
1874,N1/66,3,3.0,3.0,3
1875,N10/13,1,2.0,1.0,1
1876,N10/17,1,1.0,1.0,1
1877,N10/7,5,7.0,5.0,5
1878,N10/9,1,1.0,1.0,1
1879,N100/13,3,3.0,3.0,3
1880,N101/22,3,1.0,3.0,3
1881,N101/23,1,1.0,1.0,1
1882,N101/38,3,,6.0,3
1883,N101A/28,2,,2.0,2
1884,N102/38,3,,3.0,3
1885,N102A/33,3,,3.0,3
1886,N103/1,2,2.0,2.0,2
1887,N103/31,6,5.0,11.0,6
1888,N103/38,2,2.0,2.0,2
1889,N103/39,5,5.0,7.0,5
1890,N103A/37,2,2.0,2.0,2
1891,N104/18,1,1.0,1.0,1
1892,N104/23,1,1.0,1.0,1
1893,N104/32,4,4.0,4.0,4
1894,N104/37,4,4.0,8.0,4
1895,N105/13,7,7.0,8.0,7
1896,N105/17,5,5.0,4.0,5
1897,N105/2,3,3.0,4.0,3
1898,N106/20,5,5.0,5.0,5
1899,N106/27,1,,1.0,1
1900,N106/30,1,1.0,1.0,1
1901,N106/36,6,6.0,12.0,6
1902,N106/43,3,6.0,3.0,3
1903,N106/43R,1,1.0,1.0,1
1904,N106/44,1,1.0,1.0,1
1905,N106/48,1,2.0,2.0,1
1906,N106/56,1,1.0,1.0,1
1907,N106/65,4,4.0,4.0,4
1908,N108/13,3,2.0,3.0,3
1909,N108/20,3,2.0,3.0,3
1910,N108/27,1,,1.0,1
1911,N108/35,3,4.0,3.0,3
1912,N108/54,3,3.0,6.0,3
1913,N11/24,1,1.0,1.0,1
1914,N11/33,3,3.0,3.0,3
1915,N11/33R,1,1.0,1.0,1
1916,N11/5,1,,1.0,1
1917,N110/15,6,6.0,6.0,6
1918,N110/22,7,7.0,16.0,7
1919,N110/29,7,13.0,7.0,7
1920,N110/5,3,2.0,3.0,3
1921,N111/24,3,3.0,3.0,3
1922,N111/24R,1,1.0,1.0,1
1923,N111/27,1,1.0,1.0,1
1924,N111/48,1,1.0,1.0,1
1925,N112/16,5,5.0,5.0,5
1926,N112B/14,6,11.0,6.0,6
1927,N112B/22,3,3.0,3.0,3
1928,N112B/29,5,5.0,5.0,5
1929,N112B/30,5,6.0,5.0,5
1930,N112B/7,2,2.0,2.0,2
1931,N114/10,7,7.0,7.0,7
1932,N114/6,6,6.0,6.0,6
1933,N115/14,3,3.0,3.0,3
1934,N116/10,3,3.0,4.0,3
1935,N116/14,3,3.0,3.0,3
1936,N116/14R,1,1.0,1.0,1
1937,N116/26,1,1.0,1.0,1
1938,N116/31,1,1.0,2.0,1
1939,N116/6,1,1.0,2.0,1
1940,N117/11,2,2.0,2.0,2
1941,N117/20,3,3.0,3.0,3
1942,N117/3,3,3.0,3.0,3
1943,N117/9,4,4.0,4.0,4
1944,N118/6,2,2.0,2.0,2
1945,N119/13,1,1.0,1.0,1
1946,N119/24,1,1.0,1.0,1
1947,N119/33,1,1.0,1.0,1
1948,N119/44,3,3.0,3.0,3
1949,N119/46,1,1.0,1.0,1
1950,N120A/9,7,8.0,7.0,7
1951,N121/25,2,,4.0,2
1952,N121/3,3,,3.0,3
1953,N121/32,1,,1.0,1
1954,N121/40,1,1.0,1.0,1
1955,N121A/1,7,5.0,7.0,7
1956,N121A/15,3,3.0,3.0,3
1957,N121A/31,5,5.0,5.0,5
1958,N121A/31R,1,1.0,1.0,1
1959,N121A/40,2,2.0,2.0,2
1960,N122A/17,3,3.0,3.0,3
1961,N122A/2,2,1.0,3.0,2
1962,N122A/29,2,,2.0,2
1963,N122A/35,2,,2.0,2
1964,N123/19,3,3.0,3.0,3
1965,N123/23,1,1.0,1.0,1
1966,N123/37,2,2.0,2.0,2
1967,N123/48,3,3.0,3.0,3
1968,N124B/23,3,3.0,3.0,3
1969,N124B/38,3,3.0,3.0,3
1970,N124B/38R,1,1.0,1.0,1
1971,N125/10,3,3.0,3.0,3
1972,N125/14,3,3.0,6.0,3
1973,N125/23,3,3.0,3.0,3
1974,N125/28,3,3.0,3.0,3
1975,N125/7,3,3.0,3.0,3
1976,N126/13,1,,1.0,1
1977,N126B/17,1,2.0,3.0,1
1978,N126B/31,2,2.0,2.0,2
1979,N126B/32,1,1.0,1.0,1
1980,N126B/36,1,1.0,2.0,1
1981,N126B/40,1,1.0,1.0,1
1982,N126B/42,1,1.0,2.0,1
1983,N126B/43,1,1.0,2.0,1
1984,N127/2,3,3.0,4.0,3
1985,N127/24,3,6.0,9.0,3
1986,N127/27,3,3.0,3.0,3
1987,N127/31,8,8.0,8.0,8
1988,N127/7,3,4.0,4.0,3
1989,N128A/2,3,6.0,3.0,3
1990,N128A/4,4,4.0,8.0,4
1991,N129/15,3,3.0,6.0,3
1992,N129/26,3,3.0,5.0,3
1993,N129A/24,1,1.0,1.0,1
1994,N129A/28,1,1.0,1.0,1
1995,N129A/29,1,1.0,1.0,1
1996,N129A/6,2,2.0,2.0,2
1997,N129A/6R,1,1.0,1.0,1
1998,N131A/19,1,,1.0,1
1999,N131A/38,1,1.0,1.0,1
2000,N131A/8,1,1.0,1.0,1
2001,N132/14,3,,3.0,3
2002,N132/15,1,1.0,1.0,1
2003,N132/20,1,1.0,1.0,1
2004,N132A/1,5,10.0,5.0,5
2005,N132A/12,5,5.0,5.0,5
2006,N132A/15,3,3.0,3.0,3
2007,N132A/20,3,3.0,3.0,3
2008,N133/11,2,3.0,3.0,2
2009,N133/21,8,9.0,9.0,8
2010,N133/35,3,3.0,3.0,3
2011,N133/40,3,3.0,3.0,3
2012,N133/53,1,1.0,1.0,1
2013,N133/55,1,1.0,1.0,1
2014,N133/63,3,3.0,3.0,3
2015,N133/8,3,6.0,5.0,3
2016,N134/12,4,8.0,4.0,4
2017,N134/18,3,3.0,3.0,3
2018,N134/30,3,5.0,3.0,3
2019,N134/33,5,5.0,6.0,5
2020,N135/13,3,2.0,3.0,3
2021,N135/15,3,3.0,4.0,3
2022,N135/22,2,2.0,2.0,2
2023,N135/23,1,1.0,1.0,1
2024,N135/37,6,7.0,7.0,6
2025,N136/16,3,3.0,3.0,3
2026,N136A/18,3,3.0,3.0,3
2027,N136A/35,3,1.0,4.0,3
2028,N136A/4,2,,2.0,2
2029,N136A/9,3,,3.0,3
2030,N137/14,2,2.0,4.0,2
2031,N137/38,3,3.0,6.0,3
2032,N137/41,1,1.0,2.0,1
2033,N137A/1,1,1.0,1.0,1
2034,N137A/10,1,1.0,1.0,1
2035,N137A/3,1,1.0,1.0,1
2036,N138/1,3,3.0,3.0,3
2037,N138/28,3,,3.0,3
2038,N138/41,2,2.0,2.0,2
2039,N138/6,3,3.0,3.0,3
2040,N138A/31,2,2.0,2.0,2
2041,N138A/35,1,1.0,1.0,1
2042,N138A/39,3,,6.0,3
2043,N138A/43,1,,1.0,1
2044,N138A/5,1,1.0,1.0,1
2045,N138A/53,1,1.0,1.0,1
2046,N138A/58,3,,6.0,3
2047,N139/1,1,1.0,1.0,1
2048,N139/17,3,3.0,3.0,3
2049,N139/2,2,2.0,2.0,2
2050,N139/27,1,1.0,1.0,1
2051,N140/1,1,,1.0,1
2052,N140/28,3,,3.0,3
2053,N140A/12,4,4.0,8.0,4
2054,N140A/18,1,,1.0,1
2055,N140A/4,1,1.0,1.0,1
2056,N141/16,6,7.0,6.0,6
2057,N141/21,5,5.0,5.0,5
2058,N141/28,7,7.0,7.0,7
2059,N142/17,1,1.0,1.0,1
2060,N142/28,3,3.0,3.0,3
2061,N142/3,3,3.0,3.0,3
2062,N142A/27,3,,3.0,3
2063,N142A/28,3,4.0,3.0,3
2064,N143/36,3,3.0,3.0,3
2065,N143/38,5,5.0,5.0,5
2066,N143/42,3,3.0,3.0,3
2067,N144/10,1,1.0,1.0,1
2068,N144/14,4,4.0,4.0,4
2069,N144/16,1,1.0,1.0,1
2070,N144/17,3,3.0,3.0,3
2071,N144/18,3,3.0,3.0,3
2072,N144/22,2,1.0,2.0,2
2073,N144/3,3,3.0,3.0,3
2074,N144/31,1,1.0,1.0,1
2075,N144/32,3,3.0,3.0,3
2076,N144/35,3,3.0,3.0,3
2077,N144/5,1,1.0,1.0,1
2078,N144/6,3,4.0,3.0,3
2079,N145/16,4,4.0,4.0,4
2080,N145/20,3,3.0,3.0,3
2081,N145/27,3,3.0,3.0,3
2082,N146/18,1,1.0,1.0,1
2083,N146/19,1,1.0,1.0,1
2084,N146/23,1,1.0,1.0,1
2085,N146/25,1,1.0,1.0,1
2086,N146/28,1,2.0,1.0,1
2087,N147/6,4,4.0,4.0,4
2088,N147A/13,1,1.0,,1
2089,N147A/32,1,,1.0,1
2090,N147A/34,1,1.0,2.0,1
2091,N147A/35,1,1.0,1.0,1
2092,N148,1,1.0,1.0,1
2093,N148/10,1,1.0,2.0,1
2094,N148/14,1,1.0,1.0,1
2095,N148/27,2,2.0,3.0,2
2096,N148/30,4,4.0,4.0,4
2097,N149/25,4,4.0,4.0,4
2098,N15/27,1,1.0,1.0,1
2099,N15/39,3,3.0,3.0,3
2100,N15/4,3,3.0,3.0,3
2101,N150/21,7,7.0,7.0,7
2102,N150/23,2,2.0,2.0,2
2103,N150/40,3,4.0,3.0,3
2104,N151/3,5,5.0,5.0,5
2105,N152B/23,3,3.0,6.0,3
2106,N153/3,1,1.0,1.0,1
2107,N153/5,4,4.0,4.0,4
2108,N154/30,1,1.0,1.0,1
2109,N154/32,3,4.0,2.0,3
2110,N154/37,1,1.0,1.0,1
2111,N155/18,1,1.0,1.0,1
2112,N155/26,1,1.0,1.0,1
2113,N155/9,3,3.0,3.0,3
2114,N156/12,2,2.0,3.0,2
2115,N156/13,1,1.0,2.0,1
2116,N156/17,4,4.0,5.0,4
2117,N156/19,3,3.0,6.0,3
2118,N156/31,1,1.0,1.0,1
2119,N157/10,2,2.0,3.0,2
2120,N157/20,1,1.0,2.0,1
2121,N157/9,4,4.0,4.0,4
2122,N158/15,2,2.0,2.0,2
2123,N158/19,2,2.0,2.0,2
2124,N158/28,6,6.0,6.0,6
2125,N158/30,3,3.0,3.0,3
2126,N158/32,3,3.0,3.0,3
2127,N158/9,3,3.0,3.0,3
2128,N159/2,1,1.0,1.0,1
2129,N159/5,5,5.0,5.0,5
2130,N160/18,1,1.0,1.0,1
2131,N160/21,3,3.0,3.0,3
2132,N161/1,1,1.0,1.0,1
2133,N161/20,3,3.0,3.0,3
2134,N161/25,1,,1.0,1
2135,N162A/21,1,1.0,1.0,1
2136,N162A/6,1,1.0,2.0,1
2137,N162A/9,1,1.0,1.0,1
2138,N163/23,1,1.0,1.0,1
2139,N163/3,1,1.0,2.0,1
2140,N163/6,1,2.0,5.0,1
2141,N163A/21,2,,2.0,2
2142,N163A/49,2,,2.0,2
2143,N164/1,1,1.0,2.0,1
2144,N164/11,3,4.0,3.0,3
2145,N164/3,3,1.0,3.0,3
2146,N164/51,1,1.0,1.0,1
2147,N164/6,4,4.0,4.0,4
2148,N164/7,3,3.0,6.0,3
2149,N165/38,3,5.0,3.0,3
2150,N165/43,3,3.0,4.0,3
2151,N165/56,3,3.0,3.0,3
2152,N165/58,1,1.0,1.0,1
2153,N165/64,2,2.0,2.0,2
2154,N165/67,3,3.0,3.0,3
2155,N166A/17,3,3.0,3.0,3
2156,N166A/26,5,5.0,5.0,5
2157,N166A/5,2,3.0,3.0,2
2158,N166A/52,3,3.0,3.0,3
2159,N166A/8,3,3.0,3.0,3
2160,N167/13,1,1.0,2.0,1
2161,N167/2,1,,1.0,1
2162,N167/7,3,3.0,3.0,3
2163,N168/2,1,1.0,1.0,1
2164,N168/31,1,,1.0,1
2165,N168/6,4,4.0,4.0,4
2166,N16B/19,1,1.0,1.0,1
2167,N16B/28,1,1.0,1.0,1
2168,N16B/8,6,6.0,12.0,6
2169,N16B/8R,1,1.0,1.0,1
2170,N17/1,3,3.0,3.0,3
2171,N17/27,3,3.0,3.0,3
2172,N170A/1,4,4.0,4.0,4
2173,N170A/26,5,5.0,5.0,5
2174,N171/10,2,2.0,2.0,2
2175,N171/11,2,2.0,2.0,2
2176,N171/17,4,4.0,4.0,4
2177,N171/23,3,3.0,3.0,3
2178,N171/33,3,3.0,3.0,3
2179,N172A/10,1,1.0,1.0,1
2180,N172A/28,1,,1.0,1
2181,N172A/35,3,5.0,3.0,3
2182,N172A/38,1,,2.0,1
2183,N172A/41,2,2.0,2.0,2
2184,N172C/46,1,,1.0,1
2185,N173B/13,3,3.0,3.0,3
2186,N174A/15,1,2.0,2.0,1
2187,N174A/6,1,1.0,1.0,1
2188,N174B/27,3,3.0,3.0,3
2189,N174B/27R,1,1.0,1.0,1
2190,N174B/8,1,1.0,2.0,1
2191,N175/18,2,2.0,,2
2192,N175/9,5,1.0,4.0,5
2193,N176A/12,1,1.0,1.0,1
2194,N176A/24,1,1.0,1.0,1
2195,N176A/3,1,1.0,1.0,1
2196,N176A/35,4,5.0,5.0,4
2197,N176A/36,1,,1.0,1
2198,N177A/15,1,,2.0,1
2199,N177A/17,3,6.0,3.0,3
2200,N177A/41,2,2.0,2.0,2
2201,N178/9,1,1.0,1.0,1
2202,N178A/22,3,3.0,3.0,3
2203,N178A/23,1,1.0,1.0,1
2204,N178A/36,3,3.0,3.0,3
2205,N178A/9,6,6.0,6.0,6
2206,N179/14,1,1.0,1.0,1
2207,N179/19,1,1.0,2.0,1
2208,N179/30,1,1.0,1.0,1
2209,N179/6,1,1.0,1.0,1
2210,N179/8,1,1.0,1.0,1
2211,N18/2,4,4.0,4.0,4
2212,N18/20,3,3.0,3.0,3
2213,N18/22,5,6.0,5.0,5
2214,N18/28,12,11.0,26.0,12
2215,N18/30,7,7.0,7.0,7
2216,N18/9,2,2.0,2.0,2
2217,N180/21,3,4.0,3.0,3
2218,N180/41,1,1.0,1.0,1
2219,N180/8,2,2.0,2.0,2
2220,N181/25,3,3.0,3.0,3
2221,N181/26,1,1.0,2.0,1
2222,N182/11,1,1.0,1.0,1
2223,N182/17,4,5.0,4.0,4
2224,N182/6,1,1.0,1.0,1
2225,N183/13,1,1.0,1.0,1
2226,N183/15,3,3.0,3.0,3
2227,N183/24,1,1.0,1.0,1
2228,N183/27,1,1.0,2.0,1
2229,N183/29,1,1.0,1.0,1
2230,N183/4,1,1.0,1.0,1
2231,N184/1,1,1.0,1.0,1
2232,N184/12,1,1.0,1.0,1
2233,N184/18,1,1.0,1.0,1
2234,N184/3,1,1.0,2.0,1
2235,N184/9,1,1.0,2.0,1
2236,N185/41,3,2.0,3.0,3
2237,N185/6,5,5.0,5.0,5
2238,N185/7,4,3.0,4.0,4
2239,N186/26,4,4.0,4.0,4
2240,N186/29,4,5.0,3.0,4
2241,N186/31,3,3.0,6.0,3
2242,N186/6,1,1.0,1.0,1
2243,N186/8,3,3.0,4.0,3
2244,N186A/30,3,3.0,3.0,3
2245,N186A/4,5,5.0,5.0,5
2246,N187/33,1,1.0,1.0,1
2247,N187/7,1,,1.0,1
2248,N188/19,1,1.0,1.0,1
2249,N188/35,1,,1.0,1
2250,N188/39,2,2.0,2.0,2
2251,N188/40,1,1.0,1.0,1
2252,N188/6,1,1.0,1.0,1
2253,N189A/19,1,1.0,1.0,1
2254,N189A/4,1,1.0,2.0,1
2255,N189C/59,3,3.0,3.0,3
2256,N189C/95,2,2.0,2.0,2
2257,N19/15,1,1.0,1.0,1
2258,N19/17,1,1.0,1.0,1
2259,N19/2,5,4.0,9.0,5
2260,N191/46,1,1.0,2.0,1
2261,N191/6,2,3.0,4.0,2
2262,N191/7,3,3.0,3.0,3
2263,N192/12,4,4.0,4.0,4
2264,N192/20,2,2.0,4.0,2
2265,N192/22,1,,2.0,1
2266,N192/24,2,2.0,2.0,2
2267,N193A/13,4,4.0,4.0,4
2268,N194/11,3,3.0,3.0,3
2269,N194/13,1,2.0,1.0,1
2270,N194/17,1,1.0,1.0,1
2271,N194/23,1,1.0,1.0,1
2272,N194/5,1,1.0,1.0,1
2273,N194/8,1,1.0,1.0,1
2274,N195/1,1,1.0,1.0,1
2275,N195A/16,3,3.0,3.0,3
2276,N195A/16R,1,1.0,1.0,1
2277,N195A/22,1,1.0,1.0,1
2278,N195A/44,1,1.0,1.0,1
2279,N196/12,2,2.0,2.0,2
2280,N196/14,1,1.0,2.0,1
2281,N196/16,3,3.0,3.0,3
2282,N196/16R,1,1.0,1.0,1
2283,N196/22,2,2.0,3.0,2
2284,N196/3,2,2.0,2.0,2
2285,N196/41,3,3.0,3.0,3
2286,N196/44,3,4.0,5.0,3
2287,N196/45,2,2.0,3.0,2
2288,N196/9,2,2.0,2.0,2
2289,N198/17,3,2.0,3.0,3
2290,N198/20,1,2.0,5.0,1
2291,N2/16,3,3.0,3.0,3
2292,N2/16R,1,1.0,1.0,1
2293,N200/13,1,1.0,2.0,1
2294,N200/22,1,1.0,1.0,1
2295,N200/37,1,1.0,1.0,1
2296,N200/7,1,2.0,1.0,1
2297,N201/11,1,1.0,1.0,1
2298,N201/15,1,1.0,2.0,1
2299,N201/3,1,1.0,1.0,1
2300,N201/31,1,1.0,1.0,1
2301,N201/35,3,3.0,3.0,3
2302,N201/35R,1,1.0,1.0,1
2303,N201/4,1,1.0,1.0,1
2304,N201/42,1,1.0,1.0,1
2305,N202/38,1,1.0,1.0,1
2306,N202/44,1,1.0,,1
2307,N202/7,3,3.0,3.0,3
2308,N205/36,1,1.0,1.0,1
2309,N205B/22,3,3.0,3.0,3
2310,N205B/22R,1,1.0,1.0,1
2311,N206/15,1,1.0,1.0,1
2312,N206/25,1,1.0,1.0,1
2313,N206A/26,1,1.0,1.0,1
2314,N206A/8,3,3.0,3.0,3
2315,N206B/20,1,,1.0,1
2316,N206B/9,6,6.0,6.0,6
2317,N206B/9R,1,1.0,1.0,1
2318,N207/27,3,3.0,4.0,3
2319,N207/3,1,2.0,1.0,1
2320,N207/5,1,1.0,1.0,1
2321,N208/15,1,1.0,1.0,1
2322,N208/21,1,1.0,1.0,1
2323,N208/25,1,1.0,1.0,1
2324,N208/43,1,1.0,1.0,1
2325,N209A/33,1,1.0,1.0,1
2326,N209B/31,1,1.0,1.0,1
2327,N209C/35,3,3.0,3.0,3
2328,N209C/38,1,2.0,2.0,1
2329,N209C/77,1,1.0,1.0,1
2330,N21/13,7,7.0,13.0,7
2331,N21/32,7,7.0,12.0,7
2332,N210/25,1,1.0,1.0,1
2333,N210/27,1,1.0,2.0,1
2334,N210/35,1,1.0,1.0,1
2335,N210/5,5,4.0,5.0,5
2336,N210/9,1,1.0,1.0,1
2337,N211A/10,4,4.0,4.0,4
2338,N211A/33,6,6.0,6.0,6
2339,N212/17,3,3.0,3.0,3
2340,N212/17R,1,1.0,1.0,1
2341,N212/27,1,1.0,1.0,1
2342,N212/3,3,3.0,3.0,3
2343,N212/3R,1,1.0,1.0,1
2344,N212/7,3,3.0,3.0,3
2345,N212/7R,1,1.0,1.0,1
2346,N212A/34,4,4.0,8.0,4
2347,N215/1,1,,1.0,1
2348,N215/13,1,2.0,1.0,1
2349,N215/16,1,1.0,2.0,1
2350,N215/22,1,2.0,1.0,1
2351,N215/26,1,1.0,1.0,1
2352,N215/4,1,1.0,1.0,1
2353,N216/30,1,1.0,1.0,1
2354,N217/19,1,1.0,1.0,1
2355,N218/16,1,1.0,1.0,1
2356,N218A/13,1,,1.0,1
2357,N218A/16,1,,1.0,1
2358,N219/16,1,1.0,1.0,1
2359,N219/19,1,1.0,1.0,1
2360,N219/30,1,1.0,1.0,1
2361,N219/5,3,3.0,6.0,3
2362,N22/18,6,6.0,12.0,6
2363,N22/21,5,5.0,10.0,5
2364,N221/12,3,3.0,3.0,3
2365,N221/17,4,4.0,4.0,4
2366,N222/16,1,1.0,2.0,1
2367,N222/21,1,1.0,1.0,1
2368,N222/24,1,1.0,1.0,1
2369,N222/3,1,1.0,1.0,1
2370,N222/38,1,1.0,2.0,1
2371,N222/6,3,4.0,5.0,3
2372,N222/6R,1,1.0,1.0,1
2373,N222/9,1,1.0,1.0,1
2374,N223A/10,1,1.0,1.0,1
2375,N223A/15,1,1.0,1.0,1
2376,N223A/42,1,2.0,1.0,1
2377,N223A/51,1,1.0,1.0,1
2378,N223A/65,1,1.0,1.0,1
2379,N224/11,1,1.0,1.0,1
2380,N224/14,1,1.0,1.0,1
2381,N224/15,1,1.0,1.0,1
2382,N224/18,1,1.0,2.0,1
2383,N224/20,1,1.0,1.0,1
2384,N224/25,1,1.0,1.0,1
2385,N224/3,1,1.0,1.0,1
2386,N225/28,1,1.0,2.0,1
2387,N225A/10,3,3.0,3.0,3
2388,N225A/13,1,1.0,2.0,1
2389,N225A/25,1,1.0,1.0,1
2390,N226/13,1,,1.0,1
2391,N226/21,1,,2.0,1
2392,N227/11,1,1.0,2.0,1
2393,N227/12,1,1.0,1.0,1
2394,N227/21,3,3.0,3.0,3
2395,N227A/30,1,1.0,1.0,1
2396,N227A/31,1,1.0,1.0,1
2397,N228A/16,3,3.0,3.0,3
2398,N229/23,2,1.0,2.0,2
2399,N229/27,1,,1.0,1
2400,N229A/17,1,3.0,6.0,1
2401,N229A/19,1,5.0,4.0,1
2402,N229A/32,10,11.0,11.0,10
2403,N229A/32R,1,1.0,1.0,1
2404,N229A/37,1,1.0,3.0,1
2405,N229A/89,3,3.0,6.0,3
2406,N23/31,1,,1.0,1
2407,N23/4,1,1.0,1.0,1
2408,N23/7,1,,1.0,1
2409,N230/14,1,1.0,1.0,1
2410,N230/17,1,1.0,1.0,1
2411,N230/2,1,1.0,1.0,1
2412,N230/21,5,5.0,10.0,5
2413,N230/21R,1,1.0,1.0,1
2414,N230/7,1,1.0,1.0,1
2415,N230/8,1,1.0,1.0,1
2416,N231A/20,1,,1.0,1
2417,N231A/3,1,1.0,1.0,1
2418,N231A/41,1,1.0,1.0,1
2419,N231A/43,1,,2.0,1
2420,N231B/30,1,1.0,1.0,1
2421,N231B/34,4,4.0,4.0,4
2422,N231B/36,1,1.0,1.0,1
2423,N232/18,1,1.0,1.0,1
2424,N232/21,1,1.0,1.0,1
2425,N232/22,1,1.0,1.0,1
2426,N232/5,1,1.0,1.0,1
2427,N232/58,1,1.0,1.0,1
2428,N232/9,2,2.0,2.0,2
2429,N233/22,1,1.0,1.0,1
2430,N233/38,1,,1.0,1
2431,N233/8,3,3.0,3.0,3
2432,N234/33,1,1.0,1.0,1
2433,N235/11,1,1.0,1.0,1
2434,N235/14,1,1.0,1.0,1
2435,N235/20,1,1.0,1.0,1
2436,N235/22,4,4.0,4.0,4
2437,N235/22R,1,1.0,1.0,1
2438,N237/19,1,3.0,1.0,1
2439,N237/2,1,1.0,1.0,1
2440,N237/22,1,1.0,1.0,1
2441,N237/24,1,1.0,1.0,1
2442,N237/3,1,2.0,2.0,1
2443,N237/4,1,1.0,1.0,1
2444,N237/8,1,2.0,1.0,1
2445,N238/24,1,1.0,1.0,1
2446,N238/25,1,1.0,2.0,1
2447,N238/29,3,3.0,3.0,3
2448,N238/30,4,4.0,4.0,4
2449,N238/31,4,4.0,8.0,4
2450,N238/41,1,1.0,1.0,1
2451,N238/9,1,2.0,2.0,1
2452,N239A/28,1,1.0,1.0,1
2453,N239A/29,1,1.0,1.0,1
2454,N239A/3,1,1.0,1.0,1
2455,N23B/24,2,2.0,2.0,2
2456,N23B/49,5,5.0,5.0,5
2457,N23B/49R,1,1.0,1.0,1
2458,N23B/6,5,5.0,5.0,5
2459,N23B/69,5,4.0,6.0,5
2460,N23B/9,2,2.0,2.0,2
2461,N24/1,1,1.0,2.0,1
2462,N240/17,1,1.0,1.0,1
2463,N240/18,1,1.0,1.0,1
2464,N241/1,1,1.0,1.0,1
2465,N241/10,1,1.0,1.0,1
2466,N241/23,1,1.0,1.0,1
2467,N241/33,1,1.0,1.0,1
2468,N241/35,1,1.0,1.0,1
2469,N241A/17,1,1.0,1.0,1
2470,N241A/34,3,3.0,3.0,3
2471,N241A/58,2,2.0,2.0,2
2472,N241A/72,2,2.0,4.0,2
2473,N242/12,1,1.0,1.0,1
2474,N242/31,1,,1.0,1
2475,N242/48,1,,1.0,1
2476,N243A/21,1,,1.0,1
2477,N244/19,1,1.0,1.0,1
2478,N244/5,3,3.0,3.0,3
2479,N244/5R,1,1.0,1.0,1
2480,N245/1,6,5.0,11.0,6
2481,N245/21,1,1.0,1.0,1
2482,N245/3,1,1.0,1.0,1
2483,N245/36,3,3.0,3.0,3
2484,N245/44,5,7.0,5.0,5
2485,N245/47,1,1.0,1.0,1
2486,N247/23,1,1.0,1.0,1
2487,N247/24,1,1.0,1.0,1
2488,N247/28,1,1.0,1.0,1
2489,N247/9,1,1.0,1.0,1
2490,N248/32,2,2.0,2.0,2
2491,N248A/15,1,1.0,1.0,1
2492,N248A/22,1,1.0,1.0,1
2493,N248A/25,1,1.0,1.0,1
2494,N248A/27,1,1.0,1.0,1
2495,N248A/42,1,1.0,1.0,1
2496,N249/1,1,1.0,1.0,1
2497,N249/13,1,1.0,1.0,1
2498,N249/3,1,1.0,1.0,1
2499,N249/8,1,1.0,1.0,1
2500,N25/35,3,3.0,3.0,3
2501,N250/21,3,3.0,3.0,3
2502,N251/14,2,2.0,2.0,2
2503,N252A/14,1,1.0,1.0,1
2504,N252A/8,1,1.0,1.0,1
2505,N253/10,1,1.0,1.0,1
2506,N253/23,1,1.0,1.0,1
2507,N253/25,1,1.0,1.0,1
2508,N253/27,1,2.0,2.0,1
2509,N253/32,4,5.0,6.0,4
2510,N254/13,1,1.0,1.0,1
2511,N254/39,1,,1.0,1
2512,N255/37,5,5.0,5.0,5
2513,N255/38,3,3.0,5.0,3
2514,N255/4,5,5.0,5.0,5
2515,N256/1,1,,1.0,1
2516,N256/15,1,1.0,2.0,1
2517,N256/19,1,,1.0,1
2518,N256/2,1,,1.0,1
2519,N256/27,1,1.0,1.0,1
2520,N256/3,1,1.0,1.0,1
2521,N256/43,2,,2.0,2
2522,N256/5,1,1.0,1.0,1
2523,N256/6,1,,1.0,1
2524,N257/25,3,3.0,5.0,3
2525,N257/39,1,1.0,1.0,1
2526,N257/40,1,1.0,1.0,1
2527,N258/2,1,1.0,1.0,1
2528,N258/5,3,3.0,3.0,3
2529,N258/7,1,1.0,1.0,1
2530,N259/48,3,3.0,3.0,3
2531,N259/52,1,1.0,1.0,1
2532,N259/75,1,1.0,2.0,1
2533,N26/1,1,1.0,1.0,1
2534,N26/10,1,,1.0,1
2535,N26/15,1,1.0,1.0,1
2536,N260/14,1,1.0,1.0,1
2537,N260/20,1,1.0,1.0,1
2538,N260/4,1,1.0,2.0,1
2539,N261/12,1,,1.0,1
2540,N261/14,1,1.0,,1
2541,N261/8,1,,2.0,1
2542,N262/16,3,3.0,3.0,3
2543,N263/31,5,5.0,9.0,5
2544,N263/33,1,,1.0,1
2545,N264/1,1,3.0,3.0,1
2546,N264/20,1,1.0,1.0,1
2547,N264/7,2,2.0,2.0,2
2548,N265/18,1,1.0,2.0,1
2549,N265/38,1,1.0,1.0,1
2550,N265A/10,1,,1.0,1
2551,N265A/37,1,,1.0,1
2552,N267A/52,1,,1.0,1
2553,N267A/60,1,,1.0,1
2554,N268/19,3,3.0,3.0,3
2555,N268/19R,1,1.0,1.0,1
2556,N268/33,1,2.0,2.0,1
2557,N268/41,1,1.0,1.0,1
2558,N268/5,1,1.0,1.0,1
2559,N269/1,1,2.0,3.0,1
2560,N269/22,1,2.0,2.0,1
2561,N269/23,1,1.0,2.0,1
2562,N269/30,1,1.0,1.0,1
2563,N269/51,1,1.0,1.0,1
2564,N269/73,3,3.0,3.0,3
2565,N269/73R,1,1.0,1.0,1
2566,N269/74,1,1.0,1.0,1
2567,N269/76,1,1.0,1.0,1
2568,N26A/10,6,6.0,8.0,6
2569,N26A/23,4,4.0,4.0,4
2570,N270/2,1,,2.0,1
2571,N270/28,1,1.0,1.0,1
2572,N270/32,1,1.0,1.0,1
2573,N270/37,1,2.0,2.0,1
2574,N270/45,2,1.0,4.0,2
2575,N270/46,1,1.0,1.0,1
2576,N270/47,3,3.0,3.0,3
2577,N271/24,1,1.0,1.0,1
2578,N271/44,3,3.0,3.0,3
2579,N272/48,1,1.0,1.0,1
2580,N272A/55,1,1.0,1.0,1
2581,N273/10,1,1.0,2.0,1
2582,N274/15,1,,2.0,1
2583,N274/30,1,1.0,1.0,1
2584,N274/6,1,1.0,1.0,1
2585,N274/8,3,3.0,3.0,3
2586,N275/11,1,1.0,1.0,1
2587,N275/12,1,1.0,1.0,1
2588,N275/14,3,4.0,3.0,3
2589,N275/16,1,,2.0,1
2590,N275/17,1,2.0,3.0,1
2591,N275/2,1,1.0,2.0,1
2592,N275/20,1,1.0,1.0,1
2593,N275/22,1,,1.0,1
2594,N275/25,1,1.0,1.0,1
2595,N275/26,1,1.0,3.0,1
2596,N275/29,1,,2.0,1
2597,N275/3,1,1.0,1.0,1
2598,N275/31,1,1.0,1.0,1
2599,N275/33,1,2.0,1.0,1
2600,N275/34,1,1.0,1.0,1
2601,N275/35,1,1.0,1.0,1
2602,N275/36,1,1.0,2.0,1
2603,N275/37,1,,1.0,1
2604,N275/38,1,1.0,1.0,1
2605,N275/4,1,1.0,3.0,1
2606,N275/41,1,1.0,1.0,1
2607,N275/45,1,1.0,3.0,1
2608,N275/46,1,,1.0,1
2609,N275/5,1,,1.0,1
2610,N275/53,1,,2.0,1
2611,N275/55,1,,1.0,1
2612,N275/6,1,,1.0,1
2613,N276A/15,4,4.0,4.0,4
2614,N276A/44,1,1.0,1.0,1
2615,N277/1,1,1.0,1.0,1
2616,N277/15,1,1.0,1.0,1
2617,N277/26,1,1.0,1.0,1
2618,N277/40,1,1.0,2.0,1
2619,N277/44,1,1.0,2.0,1
2620,N277/7,3,3.0,3.0,3
2621,N277/7R,1,1.0,1.0,1
2622,N278/11,4,4.0,6.0,4
2623,N278/16,4,6.0,8.0,4
2624,N278/19,6,7.0,6.0,6
2625,N278/19R,1,1.0,1.0,1
2626,N278/9,5,5.0,5.0,5
2627,N279/16,4,3.0,1.0,4
2628,N279/17,4,,4.0,4
2629,N279/6,1,1.0,1.0,1
2630,N279A/15,1,1.0,2.0,1
2631,N279A/16,1,1.0,1.0,1
2632,N279A/18,1,,1.0,1
2633,N279A/19,1,,1.0,1
2634,N279A/29,12,4.0,15.0,12
2635,N279A/30,1,2.0,2.0,1
2636,N279A/36,5,5.0,5.0,5
2637,N279A/40,1,1.0,1.0,1
2638,N279A/41,1,2.0,3.0,1
2639,N279A/42,18,12.0,27.0,18
2640,N279A/49,1,,2.0,1
2641,N279A/79,1,1.0,1.0,1
2642,N279B/108,3,3.0,3.0,3
2643,N279B/27,8,8.0,8.0,8
2644,N279B/27R,1,1.0,1.0,1
2645,N279B/57,3,1.0,3.0,3
2646,N279B/64,1,1.0,1.0,1
2647,N279B/86,3,4.0,4.0,3
2648,N28/15,1,1.0,2.0,1
2649,N28/19,1,1.0,1.0,1
2650,N28/7,1,1.0,1.0,1
2651,N28/9,6,6.0,11.0,6
2652,N28/9R,1,1.0,1.0,1
2653,N280/21,1,1.0,1.0,1
2654,N280/31,1,1.0,1.0,1
2655,N280/5,1,1.0,1.0,1
2656,N281/1,1,1.0,1.0,1
2657,N281/14,1,,1.0,1
2658,N281/15,1,1.0,1.0,1
2659,N281/16,1,1.0,,1
2660,N282A/16,1,1.0,1.0,1
2661,N282A/17,1,,1.0,1
2662,N282A/23,1,1.0,1.0,1
2663,N282A/26,1,1.0,1.0,1
2664,N283/10,9,9.0,9.0,9
2665,N283/26,7,12.0,13.0,7
2666,N283/7,5,5.0,5.0,5
2667,N284A/14,1,,1.0,1
2668,N285/20,1,1.0,1.0,1
2669,N285/23,1,1.0,1.0,1
2670,N285/28,1,1.0,1.0,1
2671,N286/2,1,1.0,1.0,1
2672,N286/21,1,1.0,1.0,1
2673,N286/29,1,1.0,1.0,1
2674,N286/52,1,1.0,1.0,1
2675,N286/57,1,1.0,1.0,1
2676,N286/62,1,,2.0,1
2677,N286/73,1,,1.0,1
2678,N286/74,3,3.0,3.0,3
2679,N286/76,1,1.0,2.0,1
2680,N286/79,1,1.0,1.0,1
2681,N286/81,1,1.0,1.0,1
2682,N286/9,1,,1.0,1
2683,N287/43,1,1.0,1.0,1
2684,N287/65,1,1.0,2.0,1
2685,N289/16,3,3.0,6.0,3
2686,N289/16R,1,1.0,1.0,1
2687,N289/6,1,,1.0,1
2688,N289/8,1,,1.0,1
2689,N29/1,1,1.0,1.0,1
2690,N29/29,3,3.0,3.0,3
2691,N29/29R,1,1.0,1.0,1
2692,N29/35,1,1.0,2.0,1
2693,N290/5,1,,1.0,1
2694,N290/7,1,1.0,1.0,1
2695,N290A/7,1,,1.0,1
2696,N290B/2,1,1.0,1.0,1
2697,N290B/25,4,4.0,5.0,4
2698,N290B/26,1,1.0,1.0,1
2699,N290B/3,1,1.0,1.0,1
2700,N290B/93,1,1.0,2.0,1
2701,N291/4,1,1.0,1.0,1
2702,N291A/30,2,,2.0,2
2703,N291A/43,1,1.0,1.0,1
2704,N291B/51,1,1.0,1.0,1
2705,N291B/64,1,1.0,1.0,1
2706,N291B/74,1,1.0,1.0,1
2707,N291B/94,1,2.0,3.0,1
2708,N291C/22,3,3.0,3.0,3
2709,N291C/22R,1,1.0,1.0,1
2710,N292/13,1,1.0,1.0,1
2711,N292/15,1,,1.0,1
2712,N292/16,1,1.0,1.0,1
2713,N292/41,1,,1.0,1
2714,N292/49,1,1.0,1.0,1
2715,N293/24,1,1.0,3.0,1
2716,N293/50,3,3.0,3.0,3
2717,N293/58,1,2.0,2.0,1
2718,N293/60,1,1.0,1.0,1
2719,N293/73,1,1.0,1.0,1
2720,N293/75,1,1.0,1.0,1
2721,N293/83,1,,1.0,1
2722,N294/21,1,1.0,1.0,1
2723,N294A/10,3,3.0,3.0,3
2724,N294A/15,1,1.0,2.0,1
2725,N294A/18,1,1.0,2.0,1
2726,N294A/41,1,1.0,1.0,1
2727,N294A/6,3,3.0,3.0,3
2728,N294A/79,1,1.0,1.0,1
2729,N295A/45,1,1.0,1.0,1
2730,N295A/9,1,,1.0,1
2731,N295B/66,4,4.0,4.0,4
2732,N295B/66R,1,1.0,1.0,1
2733,N295B/78,1,1.0,1.0,1
2734,N295B/82,1,1.0,2.0,1
2735,N297/28,1,2.0,1.0,1
2736,N297/38,1,1.0,1.0,1
2737,N297/40,1,1.0,1.0,1
2738,N297/59,3,3.0,3.0,3
2739,N298/14,1,1.0,1.0,1
2740,N299/39,6,5.0,6.0,6
2741,N299/45,1,1.0,1.0,1
2742,N3/22,1,1.0,1.0,1
2743,N3/26,3,3.0,3.0,3
2744,N3/26R,1,1.0,1.0,1
2745,N300/13,1,1.0,2.0,1
2746,N300/15,1,1.0,1.0,1
2747,N300/49,1,1.0,1.0,1
2748,N300/6,1,1.0,1.0,1
2749,N302/10,2,2.0,2.0,2
2750,N302/46,1,1.0,2.0,1
2751,N304A/13,1,,1.0,1
2752,N304A/19,1,,1.0,1
2753,N304A/7,1,,1.0,1
2754,N304B/115,3,3.0,3.0,3
2755,N304B/40,1,1.0,1.0,1
2756,N304B/83,1,1.0,1.0,1
2757,N304B/99,1,1.0,1.0,1
2758,N305/1,1,1.0,1.0,1
2759,N305/2,1,1.0,2.0,1
2760,N305/45,1,1.0,1.0,1
2761,N307/11,1,2.0,1.0,1
2762,N307/12,3,5.0,3.0,3
2763,N307/56,1,2.0,1.0,1
2764,N308/1,7,9.0,8.0,7
2765,N308/48,15,21.0,22.0,15
2766,N309/33,1,1.0,1.0,1
2767,N309A/21,3,3.0,3.0,3
2768,N310/21,3,3.0,3.0,3
2769,N310/38,1,1.0,1.0,1
2770,N311/32,1,1.0,1.0,1
2771,N312/10,4,4.0,3.0,4
2772,N313/5,1,1.0,1.0,1
2773,N313/51,1,1.0,2.0,1
2774,N313/54,1,1.0,1.0,1
2775,N313/59,1,1.0,1.0,1
2776,N315/18,1,,1.0,1
2777,N315/40,1,,1.0,1
2778,N315/42,1,,1.0,1
2779,N315/44,1,,2.0,1
2780,N317/18,1,,2.0,1
2781,N319/13,1,,1.0,1
2782,N319A/14,4,4.0,4.0,4
2783,N319A/34,1,1.0,1.0,1
2784,N319A/40,1,1.0,1.0,1
2785,N319A/81,1,1.0,2.0,1
2786,N320/10,1,,1.0,1
2787,N320/48,4,4.0,8.0,4
2788,N320/48R,1,1.0,1.0,1
2789,N321B/20,1,,2.0,1
2790,N321C/35,1,1.0,1.0,1
2791,N321C/47,1,1.0,1.0,1
2792,N321C/49,3,3.0,3.0,3
2793,N321C/49R,1,1.0,1.0,1
2794,N322/12,1,1.0,2.0,1
2795,N322/14,1,1.0,1.0,1
2796,N322/22,1,1.0,1.0,1
2797,N323/23,1,,1.0,1
2798,N323/31,1,,2.0,1
2799,N323/48,1,,1.0,1
2800,N323/50,1,,1.0,1
2801,N323A/31,3,3.0,3.0,3
2802,N323A/51,1,1.0,1.0,1
2803,N323A/52,1,1.0,1.0,1
2804,N323A/53,1,1.0,1.0,1
2805,N323B/20,9,9.0,9.0,9
2806,N323B/20R,1,1.0,1.0,1
2807,N324/2,1,1.0,1.0,1
2808,N324/29,1,1.0,1.0,1
2809,N325B/65,4,5.0,6.0,4
2810,N326B/47,1,2.0,1.0,1
2811,N326C/8,1,1.0,1.0,1
2812,N326C/9,1,1.0,1.0,1
2813,N326D/13,3,4.0,4.0,3
2814,N326D/14,1,1.0,1.0,1
2815,N326D/2,3,3.0,3.0,3
2816,N326D/29,4,5.0,4.0,4
2817,N326D/29R,1,1.0,1.0,1
2818,N327/11,1,,2.0,1
2819,N327/45,1,1.0,1.0,1
2820,N327/53,1,2.0,2.0,1
2821,N327/77,8,4.0,8.0,8
2822,N327/95,4,4.0,7.0,4
2823,N327A/16,1,1.0,3.0,1
2824,N327A/38,8,8.0,8.0,8
2825,N327A/4,1,2.0,1.0,1
2826,N328/19,1,,1.0,1
2827,N328B/15,1,1.0,1.0,1
2828,N328B/37,2,3.0,2.0,2
2829,N328B/37R,1,1.0,1.0,1
2830,N328B/70,1,1.0,1.0,1
2831,N328B/8,1,1.0,2.0,1
2832,N33/18,1,2.0,1.0,1
2833,N33/26,1,1.0,1.0,1
2834,N33/8,1,1.0,1.0,1
2835,N330A/51,3,3.0,3.0,3
2836,N330A/80,3,3.0,3.0,3
2837,N331/19,3,3.0,3.0,3
2838,N331/19R,1,1.0,1.0,1
2839,N331/58,1,1.0,1.0,1
2840,N332/7,1,1.0,1.0,1
2841,N332B/15,3,4.0,3.0,3
2842,N332B/30,1,1.0,2.0,1
2843,N332B/40,1,1.0,1.0,1
2844,N333/81,1,,1.0,1
2845,N334/57,1,1.0,1.0,1
2846,N335/10,1,1.0,1.0,1
2847,N335/19,1,,2.0,1
2848,N335/45,1,1.0,,1
2849,N336A/7,1,2.0,1.0,1
2850,N336B/17,1,1.0,2.0,1
2851,N336B/26,1,1.0,1.0,1
2852,N336B/83,2,2.0,2.0,2
2853,N336B/9,1,1.0,1.0,1
2854,N337/37,1,1.0,1.0,1
2855,N338/22,1,1.0,2.0,1
2856,N338/28,1,1.0,2.0,1
2857,N339/33,1,1.0,1.0,1
2858,N339/35,1,1.0,1.0,1
2859,N34/1,1,1.0,1.0,1
2860,N34/17,1,1.0,1.0,1
2861,N34/2,1,1.0,1.0,1
2862,N34/28,1,2.0,2.0,1
2863,N34/31,1,1.0,1.0,1
2864,N34/32,1,,2.0,1
2865,N34/33,1,1.0,2.0,1
2866,N34/34,5,6.0,5.0,5
2867,N34/35,1,1.0,1.0,1
2868,N34/36,1,3.0,2.0,1
2869,N34/37,1,,1.0,1
2870,N34/38,1,2.0,1.0,1
2871,N34/39,1,2.0,2.0,1
2872,N34/40,1,1.0,1.0,1
2873,N341/12,3,3.0,3.0,3
2874,N341/37,4,3.0,5.0,4
2875,N341/37R,1,1.0,1.0,1
2876,N341/50,1,1.0,1.0,1
2877,N341/9,1,1.0,1.0,1
2878,N343/26,3,4.0,3.0,3
2879,N343/27,1,1.0,1.0,1
2880,N343/77,1,1.0,1.0,1
2881,N343/94,1,1.0,1.0,1
2882,N345/51,4,4.0,4.0,4
2883,N346/2,1,1.0,2.0,1
2884,N346/44,1,1.0,1.0,1
2885,N346/48,1,1.0,2.0,1
2886,N346/51,1,1.0,1.0,1
2887,N346/9,3,3.0,3.0,3
2888,N346/9R,1,1.0,1.0,1
2889,N347/36,1,1.0,1.0,1
2890,N347/42,2,2.0,2.0,2
2891,N347/70,1,1.0,1.0,1
2892,N348/63,1,1.0,1.0,1
2893,N348/82,2,2.0,2.0,2
2894,N348/82R,1,1.0,1.0,1
2895,N349/96,2,2.0,2.0,2
2896,N35/1,1,1.0,1.0,1
2897,N35/35,1,1.0,1.0,1
2898,N350/17,1,1.0,1.0,1
2899,N350/38,1,1.0,1.0,1
2900,N350/73,1,2.0,2.0,1
2901,N350/75,1,1.0,1.0,1
2902,N351/23,3,3.0,3.0,3
2903,N351/23R,1,1.0,1.0,1
2904,N351/24,5,5.0,5.0,5
2905,N351/38,1,2.0,2.0,1
2906,N351/41,1,1.0,1.0,1
2907,N351/42,1,2.0,3.0,1
2908,N352/68,1,1.0,2.0,1
2909,N353/13,3,3.0,3.0,3
2910,N353/13R,1,1.0,1.0,1
2911,N354/16,1,1.0,1.0,1
2912,N354/43,1,1.0,1.0,1
2913,N354/93,1,1.0,1.0,1
2914,N355/1,4,5.0,9.0,4
2915,N355/1R,1,1.0,1.0,1
2916,N355A/109,12,23.0,27.0,12
2917,N355A/2,7,8.0,9.0,7
2918,N355A/90,20,37.0,35.0,20
2919,N355A/91,10,11.0,13.0,10
2920,N356/22,1,2.0,2.0,1
2921,N356/23,2,3.0,2.0,2
2922,N356/23R,1,1.0,1.0,1
2923,N356/55,1,1.0,1.0,1
2924,N356/71,1,1.0,1.0,1
2925,N356/75,1,1.0,1.0,1
2926,N356/9,2,2.0,2.0,2
2927,N357/35,1,2.0,1.0,1
2928,N357/6,5,9.0,5.0,5
2929,N358/68,5,5.0,6.0,5
2930,N359/28,2,2.0,2.0,2
2931,N359/28R,1,1.0,1.0,1
2932,N359/47,1,1.0,1.0,1
2933,N360A/10,1,,1.0,1
2934,N360A/24,3,3.0,3.0,3
2935,N361/12,2,3.0,4.0,2
2936,N361/40,1,1.0,1.0,1
2937,N361/60,2,2.0,1.0,2
2938,N361/65,1,1.0,1.0,1
2939,N361/78,1,1.0,1.0,1
2940,N361/88,1,1.0,1.0,1
2941,N361/93,1,1.0,1.0,1
2942,N361A/14,1,1.0,2.0,1
2943,N361A/72,1,1.0,1.0,1
2944,N361A/88,1,,2.0,1
2945,N361A/91,1,1.0,1.0,1
2946,N362/20,1,1.0,1.0,1
2947,N362/33,1,1.0,1.0,1
2948,N362/34,1,1.0,1.0,1
2949,N363/58,1,1.0,1.0,1
2950,N363/71,4,5.0,5.0,4
2951,N363/76,1,1.0,1.0,1
2952,N363/95,1,1.0,1.0,1
2953,N364/10,3,3.0,3.0,3
2954,N364/26,1,1.0,1.0,1
2955,N364/42,5,7.0,7.0,5
2956,N364/46,1,1.0,1.0,1
2957,N364/71,1,1.0,1.0,1
2958,N366/12,7,9.0,11.0,7
2959,N366/60,5,6.0,6.0,5
2960,N367/34,1,,1.0,1
2961,N367/40,1,1.0,1.0,1
2962,N367/51,4,4.0,4.0,4
2963,N367/62,4,5.0,6.0,4
2964,N367/91,1,1.0,1.0,1
2965,N368/12,1,1.0,1.0,1
2966,N368/16,1,1.0,1.0,1
2967,N368/51,1,1.0,2.0,1
2968,N368/71,1,1.0,1.0,1
2969,N369/5,1,1.0,2.0,1
2970,N369/62,1,1.0,1.0,1
2971,N371/90,1,1.0,1.0,1
2972,N371B/37,1,1.0,1.0,1
2973,N372/1,5,6.0,6.0,5
2974,N372/32,3,3.0,3.0,3
2975,N372/6,3,3.0,3.0,3
2976,N372/65,4,4.0,3.0,4
2977,N372A/1,7,7.0,7.0,7
2978,N372A/21,7,7.0,7.0,7
2979,N372B/1,3,3.0,3.0,3
2980,N372B/20,5,5.0,10.0,5
2981,N372B/51,6,7.0,10.0,6
2982,N372B/59,6,7.0,8.0,6
2983,N372B/60,7,7.0,7.0,7
2984,N372B/9,5,8.0,7.0,5
2985,N372C/51,6,9.0,12.0,6
2986,N373/71,1,2.0,1.0,1
2987,N373/96,1,1.0,1.0,1
2988,N374/25,1,1.0,2.0,1
2989,N374/38,1,,1.0,1
2990,N374/40,1,1.0,1.0,1
2991,N374/47,1,1.0,1.0,1
2992,N374/48,3,5.0,3.0,3
2993,N375/11,2,2.0,2.0,2
2994,N375/40,2,2.0,2.0,2
2995,N375/67,2,2.0,2.0,2
2996,N375/84,2,2.0,2.0,2
2997,N375/92,2,2.0,2.0,2
2998,N376/26,1,2.0,1.0,1
2999,N376/47,1,1.0,1.0,1
3000,N376/70,1,1.0,1.0,1
3001,N376/83,1,1.0,1.0,1
3002,N377/20,5,5.0,5.0,5
3003,N377/21,1,1.0,1.0,1
3004,N377/37,1,1.0,2.0,1
3005,N377/63,1,1.0,1.0,1
3006,N377/83,3,6.0,3.0,3
3007,N378/107,1,1.0,1.0,1
3008,N378/129,1,1.0,1.0,1
3009,N378/51,1,1.0,1.0,1
3010,N379/52,2,2.0,2.0,2
3011,N379/72,2,2.0,2.0,2
3012,N379/79,1,1.0,1.0,1
3013,N37A/1,1,,1.0,1
3014,N37A/10,2,2.0,2.0,2
3015,N37A/17,1,1.0,1.0,1
3016,N38/34,3,2.0,4.0,3
3017,N38/8,6,6.0,12.0,6
3018,N380/49,1,1.0,1.0,1
3019,N380/87,3,3.0,4.0,3
3020,N380/95,1,1.0,1.0,1
3021,N380/98,1,2.0,1.0,1
3022,N381/100,1,2.0,2.0,1
3023,N381/120,1,1.0,1.0,1
3024,N381/6,1,1.0,1.0,1
3025,N382/111,1,1.0,2.0,1
3026,N382/14,4,4.0,8.0,4
3027,N382/22,1,6.0,4.0,1
3028,N382/33,1,1.0,1.0,1
3029,N382/56,1,1.0,1.0,1
3030,N382/69,3,5.0,3.0,3
3031,N382/74,1,2.0,1.0,1
3032,N383/18,1,1.0,1.0,1
3033,N383/24,1,1.0,1.0,1
3034,N383/33,1,1.0,3.0,1
3035,N383/77,1,1.0,1.0,1
3036,N383A/24,1,2.0,2.0,1
3037,N383A/52,1,1.0,1.0,1
3038,N383A/92,1,1.0,1.0,1
3039,N384/14,1,1.0,3.0,1
3040,N384/63,3,3.0,3.0,3
3041,N384/74,1,1.0,1.0,1
3042,N384/96,1,1.0,1.0,1
3043,N385/16,1,1.0,1.0,1
3044,N385/21,4,6.0,4.0,4
3045,N385/24,2,2.0,2.0,2
3046,N385/45,1,1.0,1.0,1
3047,N385/6,1,1.0,1.0,1
3048,N386/36,1,1.0,2.0,1
3049,N387/1,2,,2.0,2
3050,N387/20,1,,1.0,1
3051,N387/39,12,11.0,12.0,12
3052,N388/22,1,,1.0,1
3053,N388/50,1,,1.0,1
3054,N388/53,1,1.0,2.0,1
3055,N388/58,1,1.0,1.0,1
3056,N388A/10,4,4.0,5.0,4
3057,N388A/10R,1,1.0,1.0,1
3058,N388A/27,3,3.0,4.0,3
3059,N388A/49,1,1.0,,1
3060,N388A/60,4,7.0,5.0,4
3061,N388A/60R,1,1.0,1.0,1
3062,N388A/83,1,1.0,2.0,1
3063,N389/11,1,2.0,2.0,1
3064,N389/33,1,1.0,,1
3065,N389/35,1,1.0,2.0,1
3066,N389/7,1,2.0,1.0,1
3067,N389/9,3,3.0,3.0,3
3068,N39/17,1,,2.0,1
3069,N390/25,1,,1.0,1
3070,N390/43,3,5.0,6.0,3
3071,N390/46,1,1.0,1.0,1
3072,N391/68,6,6.0,6.0,6
3073,N392/32,1,1.0,1.0,1
3074,N392/58,1,1.0,1.0,1
3075,N392/61,1,2.0,2.0,1
3076,N392/80,1,1.0,1.0,1
3077,N392/82,1,1.0,1.0,1
3078,N392/9,1,1.0,2.0,1
3079,N393/16,1,2.0,1.0,1
3080,N393/2,4,5.0,9.0,4
3081,N393/76,6,6.0,6.0,6
3082,N395/56,2,3.0,4.0,2
3083,N395/68,5,5.0,5.0,5
3084,N396/17,1,1.0,2.0,1
3085,N396/26,1,1.0,1.0,1
3086,N396/29,4,4.0,4.0,4
3087,N396/54,1,,1.0,1
3088,N396/88,4,5.0,5.0,4
3089,N397/19,8,9.0,9.0,8
3090,N397/23,1,1.0,2.0,1
3091,N397/26,4,4.0,8.0,4
3092,N397/57,3,5.0,7.0,3
3093,N397/61,3,3.0,7.0,3
3094,N397/84,3,2.0,4.0,3
3095,N398A/19,1,,1.0,1
3096,N398A/2,1,1.0,1.0,1
3097,N398A/34,3,3.0,6.0,3
3098,N399/14,3,5.0,7.0,3
3099,N399/19,4,4.0,4.0,4
3100,N399/21,4,5.0,6.0,4
3101,N399/45,15,25.0,19.0,15
3102,N399/68,5,5.0,5.0,5
3103,N39B/19,1,1.0,1.0,1
3104,N39B/2,1,,1.0,1
3105,N39B/20,1,1.0,1.0,1
3106,N39B/22,1,1.0,1.0,1
3107,N39B/24,1,1.0,1.0,1
3108,N39B/8,3,3.0,3.0,3
3109,N39B/9,1,1.0,1.0,1
3110,N4/15,3,3.0,3.0,3
3111,N4/19,3,3.0,6.0,3
3112,N4/49,3,3.0,3.0,3
3113,N400/24,4,4.0,4.0,4
3114,N400/28,1,2.0,2.0,1
3115,N400/36,1,1.0,1.0,1
3116,N400/79,1,1.0,1.0,1
3117,N400/82,1,1.0,1.0,1
3118,N401/70,1,1.0,1.0,1
3119,N401/86,1,1.0,1.0,1
3120,N402/13,3,3.0,6.0,3
3121,N402/26,1,1.0,1.0,1
3122,N402/34,1,,1.0,1
3123,N402/46,3,3.0,3.0,3
3124,N402/61,1,1.0,1.0,1
3125,N402/82,1,,1.0,1
3126,N403/29,1,1.0,2.0,1
3127,N403/60,1,1.0,1.0,1
3128,N403/63,3,3.0,3.0,3
3129,N404/30,1,1.0,1.0,1
3130,N405/17,1,1.0,1.0,1
3131,N405/35,1,1.0,1.0,1
3132,N405/55,3,3.0,3.0,3
3133,N405/62,1,1.0,1.0,1
3134,N405/74,3,5.0,3.0,3
3135,N406/47,14,9.0,15.0,14
3136,N406/48,3,3.0,3.0,3
3137,N407/30,1,1.0,,1
3138,N407/40,1,1.0,1.0,1
3139,N407A/19,1,1.0,2.0,1
3140,N407A/85,1,1.0,1.0,1
3141,N408/62,3,5.0,5.0,3
3142,N408/79,5,5.0,10.0,5
3143,N408/87,1,1.0,1.0,1
3144,N408/88,1,1.0,1.0,1
3145,N40B/18,6,6.0,6.0,6
3146,N40B/38,6,6.0,6.0,6
3147,N410/17,10,13.0,19.0,10
3148,N410/69,6,6.0,12.0,6
3149,N410/81,6,8.0,13.0,6
3150,N410/94,5,5.0,5.0,5
3151,N411/30,1,3.0,4.0,1
3152,N411/51,3,3.0,3.0,3
3153,N411/70,1,1.0,1.0,1
3154,N412A/10,1,1.0,2.0,1
3155,N412A/23,1,1.0,2.0,1
3156,N412A/55,1,1.0,1.0,1
3157,N412A/61,1,2.0,1.0,1
3158,N413/23,4,4.0,5.0,4
3159,N413/67,5,9.0,5.0,5
3160,N413/67R,1,1.0,1.0,1
3161,N414/25,6,2.0,12.0,6
3162,N414/50,1,2.0,2.0,1
3163,N414/57,1,2.0,1.0,1
3164,N415/24,6,6.0,12.0,6
3165,N415/24R,1,1.0,1.0,1
3166,N415/31,5,5.0,5.0,5
3167,N415/66,2,2.0,2.0,2
3168,N415/86,1,3.0,8.0,1
3169,N415/88,1,5.0,7.0,1
3170,N415/89,1,3.0,4.0,1
3171,N415/90,1,3.0,5.0,1
3172,N415/94,1,4.0,6.0,1
3173,N415/95,1,3.0,5.0,1
3174,N416/40,6,6.0,11.0,6
3175,N416/57,5,5.0,6.0,5
3176,N417/72,1,2.0,1.0,1
3177,N417/90,2,2.0,2.0,2
3178,N418/115,4,4.0,5.0,4
3179,N419/30,1,,1.0,1
3180,N419/40,3,3.0,3.0,3
3181,N419/40R,1,1.0,1.0,1
3182,N419/78,3,3.0,3.0,3
3183,N419/78R,1,1.0,1.0,1
3184,N419/91,1,2.0,1.0,1
3185,N42/32,1,1.0,1.0,1
3186,N42/37,1,1.0,1.0,1
3187,N420/24,16,29.0,17.0,16
3188,N420/26,3,2.0,3.0,3
3189,N420/40,1,,2.0,1
3190,N420/64,8,9.0,9.0,8
3191,N421A/36,1,2.0,1.0,1
3192,N421A/50,1,1.0,2.0,1
3193,N421A/85,3,3.0,3.0,3
3194,N422/18,5,11.0,7.0,5
3195,N422/54,1,4.0,3.0,1
3196,N422/76,4,6.0,7.0,4
3197,N423/23,1,1.0,1.0,1
3198,N423/32,4,4.0,4.0,4
3199,N423/42,7,7.0,7.0,7
3200,N423/75,5,9.0,7.0,5
3201,N424/45,5,5.0,5.0,5
3202,N424/48,12,12.0,24.0,12
3203,N424/62,7,9.0,13.0,7
3204,N424/83,5,5.0,6.0,5
3205,N425/21,1,1.0,1.0,1
3206,N425/22,1,1.0,2.0,1
3207,N425/45,4,5.0,5.0,4
3208,N426/40,1,1.0,1.0,1
3209,N426/7,1,1.0,1.0,1
3210,N426/9,1,1.0,1.0,1
3211,N427/3,2,2.0,2.0,2
3212,N427/45,3,3.0,3.0,3
3213,N427/64,3,3.0,3.0,3
3214,N428/12,4,5.0,8.0,4
3215,N428/50,1,2.0,3.0,1
3216,N429/14,1,1.0,1.0,1
3217,N429/19,3,3.0,3.0,3
3218,N429/47,2,1.0,2.0,2
3219,N43/6,6,6.0,6.0,6
3220,N430/20,1,1.0,2.0,1
3221,N430/26,3,3.0,6.0,3
3222,N430/30,3,3.0,3.0,3
3223,N430/6,3,3.0,3.0,3
3224,N431/64,9,9.0,16.0,9
3225,N432/2,1,1.0,1.0,1
3226,N432/21,4,4.0,5.0,4
3227,N432/39,1,1.0,1.0,1
3228,N432/63,3,3.0,3.0,3
3229,N433/3,1,3.0,4.0,1
3230,N433/73,1,1.0,2.0,1
3231,N434/60,1,1.0,2.0,1
3232,N434/81,1,1.0,1.0,1
3233,N435/45,1,2.0,1.0,1
3234,N435/47,1,2.0,3.0,1
3235,N435/61,1,1.0,2.0,1
3236,N435/7,2,2.0,2.0,2
3237,N435/72,2,2.0,4.0,2
3238,N435/93,1,2.0,4.0,1
3239,N436/47,1,1.0,1.0,1
3240,N436/61,3,3.0,3.0,3
3241,N436/91,2,4.0,4.0,2
3242,N437/23,1,1.0,1.0,1
3243,N437/54,1,2.0,2.0,1
3244,N437/59,1,4.0,3.0,1
3245,N437/60,1,1.0,2.0,1
3246,N437/77,1,3.0,4.0,1
3247,N437/81,1,1.0,1.0,1
3248,N437/85,1,1.0,2.0,1
3249,N437/87,1,4.0,2.0,1
3250,N437/9,1,1.0,1.0,1
3251,N438/31,2,2.0,2.0,2
3252,N438/98,3,4.0,4.0,3
3253,N439/35,3,3.0,6.0,3
3254,N439/39,3,4.0,4.0,3
3255,N439/46,3,3.0,3.0,3
3256,N439/52,3,3.0,6.0,3
3257,N439/72,3,4.0,4.0,3
3258,N440/12,1,1.0,1.0,1
3259,N440/13,1,2.0,2.0,1
3260,N440/21,4,4.0,4.0,4
3261,N440/61,5,6.0,10.0,5
3262,N440/95,1,1.0,1.0,1
3263,N441/26,1,1.0,1.0,1
3264,N441/35,3,3.0,3.0,3
3265,N442/28,3,3.0,3.0,3
3266,N442/32,2,2.0,2.0,2
3267,N442/38,3,3.0,3.0,3
3268,N443/15,3,4.0,4.0,3
3269,N443/17,3,3.0,3.0,3
3270,N443/75,3,3.0,3.0,3
3271,N444/103,2,2.0,2.0,2
3272,N444/63,6,4.0,6.0,6
3273,N444/76,2,3.0,2.0,2
3274,N445/27,3,3.0,3.0,3
3275,N445/52,2,2.0,2.0,2
3276,N445/81,2,2.0,2.0,2
3277,N445/87,2,2.0,3.0,2
3278,N445/98,1,1.0,1.0,1
3279,N446/22,1,2.0,3.0,1
3280,N446/23,2,2.0,2.0,2
3281,N446/36,2,2.0,2.0,2
3282,N446/80,3,3.0,3.0,3
3283,N447/16,6,12.0,6.0,6
3284,N447/23,10,9.0,10.0,10
3285,N447/24,8,8.0,11.0,8
3286,N447/41,3,6.0,3.0,3
3287,N447/47,3,3.0,3.0,3
3288,N448/40,3,4.0,3.0,3
3289,N448/50,5,6.0,5.0,5
3290,N448/81,5,2.0,7.0,5
3291,N448/88,5,7.0,5.0,5
3292,N449/22,1,,1.0,1
3293,N449/57,2,2.0,2.0,2
3294,N449/68,2,2.0,2.0,2
3295,N449/73,2,2.0,2.0,2
3296,N44A/52,1,1.0,1.0,1
3297,N44A/71,2,2.0,2.0,2
3298,N45/4,2,2.0,2.0,2
3299,N45/9,2,2.0,2.0,2
3300,N450/12,1,2.0,5.0,1
3301,N450/13,1,2.0,6.0,1
3302,N450/19,1,3.0,5.0,1
3303,N450/20,1,2.0,7.0,1
3304,N450/34,1,4.0,6.0,1
3305,N450/36,1,6.0,8.0,1
3306,N450/37,1,2.0,4.0,1
3307,N450/38,1,5.0,5.0,1
3308,N450/39,1,4.0,7.0,1
3309,N450/42,1,5.0,3.0,1
3310,N450/50,3,3.0,6.0,3
3311,N450/53,5,7.0,9.0,5
3312,N450/71,1,5.0,5.0,1
3313,N450/72,1,5.0,3.0,1
3314,N450/78,1,4.0,7.0,1
3315,N450/79,5,6.0,7.0,5
3316,N450/84,1,,1.0,1
3317,N450/86,1,8.0,6.0,1
3318,N450/89,1,2.0,5.0,1
3319,N450/91,1,6.0,9.0,1
3320,N451/20,1,1.0,1.0,1
3321,N451/29,1,1.0,1.0,1
3322,N451/33,1,,2.0,1
3323,N451/73,3,4.0,4.0,3
3324,N452/11,1,1.0,4.0,1
3325,N452/12,1,3.0,3.0,1
3326,N452/14,1,3.0,7.0,1
3327,N452/15,1,6.0,4.0,1
3328,N452/16,1,3.0,5.0,1
3329,N452/20,1,4.0,4.0,1
3330,N452/23,1,3.0,4.0,1
3331,N452/24,1,5.0,4.0,1
3332,N452/28,1,5.0,6.0,1
3333,N452/30,1,1.0,2.0,1
3334,N452/31,1,3.0,6.0,1
3335,N452/33,1,3.0,6.0,1
3336,N452/35,1,3.0,4.0,1
3337,N452/38,1,4.0,5.0,1
3338,N452/39,1,3.0,5.0,1
3339,N452/4,1,2.0,4.0,1
3340,N452/42,7,8.0,15.0,7
3341,N452/43,1,1.0,7.0,1
3342,N452/47,1,3.0,3.0,1
3343,N452/5,1,4.0,6.0,1
3344,N452/54,1,5.0,5.0,1
3345,N452/56,1,4.0,5.0,1
3346,N452/59,1,5.0,6.0,1
3347,N452/6,1,3.0,5.0,1
3348,N452/64,1,4.0,6.0,1
3349,N452/65,1,3.0,5.0,1
3350,N452/68,1,4.0,4.0,1
3351,N452/69,9,6.0,14.0,9
3352,N452/70,1,4.0,3.0,1
3353,N452/73,3,3.0,6.0,3
3354,N452/74,1,4.0,7.0,1
3355,N452/75,1,3.0,4.0,1
3356,N452/77,17,19.0,33.0,17
3357,N452/78,1,5.0,5.0,1
3358,N452/79,1,5.0,6.0,1
3359,N452/8,1,3.0,5.0,1
3360,N452/81,11,11.0,18.0,11
3361,N452/82,1,3.0,4.0,1
3362,N452/9,1,9.0,4.0,1
3363,N452/91,1,5.0,6.0,1
3364,N452/93,1,2.0,3.0,1
3365,N452/94,1,5.0,5.0,1
3366,N453/35,2,2.0,4.0,2
3367,N453/61,1,2.0,2.0,1
3368,N453/84,1,1.0,2.0,1
3369,N453/96,1,1.0,2.0,1
3370,N454/55,1,1.0,1.0,1
3371,N454/91,2,2.0,2.0,2
3372,N455/15,1,1.0,1.0,1
3373,N456/39,3,3.0,3.0,3
3374,N457/28,2,2.0,4.0,2
3375,N457/39,2,2.0,2.0,2
3376,N457/79,2,2.0,2.0,2
3377,N458/10,3,3.0,3.0,3
3378,N458/2,1,1.0,1.0,1
3379,N458/42,1,1.0,1.0,1
3380,N458/79,1,1.0,1.0,1
3381,N459/11,3,4.0,4.0,3
3382,N459/13,1,1.0,1.0,1
3383,N459/29,2,2.0,3.0,2
3384,N459/52,3,4.0,4.0,3
3385,N459/74,2,3.0,3.0,2
3386,N459/84,5,6.0,8.0,5
3387,N459/90,3,3.0,6.0,3
3388,N459/91,3,3.0,3.0,3
3389,N459/94,2,2.0,2.0,2
3390,N45B/43,2,2.0,2.0,2
3391,N45B/45,1,1.0,1.0,1
3392,N45B/46,1,1.0,1.0,1
3393,N46/23,4,4.0,4.0,4
3394,N46/30,5,5.0,5.0,5
3395,N460/19,3,3.0,3.0,3
3396,N460/2,2,1.0,2.0,2
3397,N460/35,1,1.0,1.0,1
3398,N460/88,1,1.0,1.0,1
3399,N460/96,1,1.0,1.0,1
3400,N461/19,4,7.0,4.0,4
3401,N461/76,1,1.0,2.0,1
3402,N462/13,1,1.0,1.0,1
3403,N462/29,1,1.0,1.0,1
3404,N462/48,1,1.0,1.0,1
3405,N463/10,1,3.0,3.0,1
3406,N463/45,1,1.0,1.0,1
3407,N463/52,2,3.0,4.0,2
3408,N464A/16,1,,1.0,1
3409,N464A/94,1,2.0,1.0,1
3410,N465/11,3,3.0,3.0,3
3411,N465/22,1,1.0,1.0,1
3412,N465/35,1,,1.0,1
3413,N465/94,1,1.0,2.0,1
3414,N466/14,1,1.0,1.0,1
3415,N466/53,1,1.0,1.0,1
3416,N466/65,1,1.0,1.0,1
3417,N466/85,1,2.0,2.0,1
3418,N467/1,3,3.0,3.0,3
3419,N467/56,1,1.0,1.0,1
3420,N467/79,1,1.0,1.0,1
3421,N468/37,3,3.0,3.0,3
3422,N468/39,1,1.0,2.0,1
3423,N469/28,3,3.0,3.0,3
3424,N47/2,1,1.0,1.0,1
3425,N47/21,2,2.0,2.0,2
3426,N47/29,1,1.0,1.0,1
3427,N470/22,2,2.0,2.0,2
3428,N471/27,4,4.0,5.0,4
3429,N471/61,1,1.0,1.0,1
3430,N472/65,1,1.0,,1
3431,N472/88,3,3.0,3.0,3
3432,N473/27,2,2.0,1.0,2
3433,N473/36,3,4.0,4.0,3
3434,N473/7,2,2.0,3.0,2
3435,N473/77,2,2.0,2.0,2
3436,N473/85,1,1.0,1.0,1
3437,N474/2,2,2.0,4.0,2
3438,N474/27,3,5.0,3.0,3
3439,N474/59,2,2.0,2.0,2
3440,N474/73,1,1.0,1.0,1
3441,N474/96,1,1.0,3.0,1
3442,N475A/17,1,1.0,1.0,1
3443,N475A/38,1,1.0,2.0,1
3444,N475A/5,1,1.0,1.0,1
3445,N476/56,2,3.0,5.0,2
3446,N476/9,4,4.0,4.0,4
3447,N477/45,1,1.0,2.0,1
3448,N478/67,1,1.0,1.0,1
3449,N479/103,3,3.0,4.0,3
3450,N479/107,3,3.0,3.0,3
3451,N479/111,3,3.0,3.0,3
3452,N479/12,3,3.0,3.0,3
3453,N479/120,1,1.0,,1
3454,N479/22,6,6.0,10.0,6
3455,N479/24,3,3.0,3.0,3
3456,N479/45,3,4.0,6.0,3
3457,N480/33,1,2.0,2.0,1
3458,N480/51,1,1.0,1.0,1
3459,N480/90,1,2.0,2.0,1
3460,N481/113,1,1.0,1.0,1
3461,N481/3,2,2.0,2.0,2
3462,N481/33,1,1.0,1.0,1
3463,N481/39,1,1.0,2.0,1
3464,N481/42,2,2.0,2.0,2
3465,N481/49,1,1.0,1.0,1
3466,N481/56,1,1.0,2.0,1
3467,N481/85,2,3.0,2.0,2
3468,N481/97,1,2.0,1.0,1
3469,N482/11,2,2.0,1.0,2
3470,N482/28,2,3.0,3.0,2
3471,N482/4,2,2.0,2.0,2
3472,N482/49,1,1.0,1.0,1
3473,N482/89,1,1.0,2.0,1
3474,N483/108,1,1.0,1.0,1
3475,N483/126,3,3.0,3.0,3
3476,N483/26,3,4.0,5.0,3
3477,N483/60,1,1.0,1.0,1
3478,N483/84,3,3.0,3.0,3
3479,N484/67,1,1.0,1.0,1
3480,N485/20,1,2.0,2.0,1
3481,N485/22,3,6.0,6.0,3
3482,N485/87,1,,1.0,1
3483,N486/1,1,4.0,7.0,1
3484,N486/13,1,3.0,3.0,1
3485,N486/16,1,2.0,3.0,1
3486,N486/17,1,5.0,6.0,1
3487,N486/18,1,7.0,8.0,1
3488,N486/19,1,3.0,4.0,1
3489,N486/2,1,1.0,5.0,1
3490,N486/22,1,4.0,3.0,1
3491,N486/23,1,4.0,6.0,1
3492,N486/24,4,6.0,7.0,4
3493,N486/25,5,5.0,5.0,5
3494,N486/26,1,3.0,3.0,1
3495,N486/28,1,3.0,6.0,1
3496,N486/29,1,5.0,5.0,1
3497,N486/3,1,1.0,3.0,1
3498,N486/30,1,4.0,4.0,1
3499,N486/31,1,3.0,4.0,1
3500,N486/32,7,7.0,7.0,7
3501,N486/33,1,4.0,6.0,1
3502,N486/34,1,3.0,5.0,1
3503,N486/36,1,5.0,6.0,1
3504,N486/37,1,2.0,5.0,1
3505,N486/38,1,3.0,2.0,1
3506,N486/39,1,4.0,5.0,1
3507,N486/4,1,2.0,3.0,1
3508,N486/40,1,2.0,3.0,1
3509,N486/41,1,4.0,4.0,1
3510,N486/42,1,3.0,5.0,1
3511,N486/43,1,2.0,5.0,1
3512,N486/44,1,3.0,2.0,1
3513,N486/45,1,3.0,5.0,1
3514,N486/46,1,2.0,6.0,1
3515,N486/47,1,5.0,5.0,1
3516,N486/48,1,2.0,6.0,1
3517,N486/49,1,4.0,3.0,1
3518,N486/5,1,3.0,6.0,1
3519,N486/50,1,2.0,3.0,1
3520,N486/51,1,5.0,7.0,1
3521,N486/52,1,5.0,7.0,1
3522,N486/53,1,1.0,2.0,1
3523,N486/54,1,2.0,3.0,1
3524,N486/55,1,1.0,5.0,1
3525,N486/56,1,3.0,3.0,1
3526,N486/58,1,2.0,3.0,1
3527,N486/59,1,2.0,3.0,1
3528,N486/6,1,3.0,6.0,1
3529,N486/60,1,2.0,7.0,1
3530,N486/61,1,5.0,4.0,1
3531,N486/62,1,3.0,7.0,1
3532,N486/63,1,1.0,3.0,1
3533,N486/64,1,4.0,4.0,1
3534,N486/65,1,5.0,5.0,1
3535,N486/66,1,3.0,4.0,1
3536,N486/67,1,2.0,2.0,1
3537,N486/68,1,2.0,4.0,1
3538,N486/69,1,6.0,7.0,1
3539,N486/7,1,1.0,1.0,1
3540,N486/70,1,1.0,6.0,1
3541,N486/72,1,1.0,3.0,1
3542,N486/74,1,2.0,7.0,1
3543,N486/75,1,1.0,4.0,1
3544,N486/76,6,6.0,6.0,6
3545,N486/77,1,4.0,2.0,1
3546,N486/78,4,4.0,5.0,4
3547,N486/79,1,5.0,4.0,1
3548,N486/8,1,3.0,4.0,1
3549,N486/80,1,1.0,5.0,1
3550,N486/81,1,2.0,4.0,1
3551,N486/82,1,3.0,3.0,1
3552,N486/83,1,2.0,5.0,1
3553,N486/84,1,3.0,3.0,1
3554,N486/86,1,2.0,4.0,1
3555,N486/87,1,2.0,3.0,1
3556,N486/88,1,3.0,4.0,1
3557,N486/89,1,3.0,3.0,1
3558,N486/9,1,2.0,5.0,1
3559,N486/93,3,3.0,3.0,3
3560,N486/94,1,2.0,3.0,1
3561,N486/95,1,3.0,4.0,1
3562,N486/96,1,3.0,2.0,1
3563,N487/83,1,1.0,1.0,1
3564,N487/84,1,1.0,1.0,1
3565,N488/25,1,1.0,1.0,1
3566,N488/94,1,1.0,1.0,1
3567,N489/20,1,1.0,1.0,1
3568,N489/31,1,1.0,1.0,1
3569,N489/5,1,1.0,1.0,1
3570,N489/89,1,1.0,1.0,1
3571,N489/9,1,1.0,1.0,1
3572,N489/94,1,,1.0,1
3573,N490/24,3,3.0,3.0,3
3574,N491/13,1,1.0,2.0,1
3575,N491/22,1,2.0,2.0,1
3576,N491/24,1,1.0,1.0,1
3577,N492/38,5,5.0,5.0,5
3578,N492/39,5,5.0,5.0,5
3579,N492/58,1,1.0,1.0,1
3580,N492/79,4,4.0,4.0,4
3581,N492/83,4,3.0,6.0,4
3582,N492/93,5,3.0,5.0,5
3583,N493/11,5,6.0,5.0,5
3584,N493/22,7,8.0,7.0,7
3585,N493/47,4,2.0,4.0,4
3586,N493/67,6,6.0,6.0,6
3587,N493/92,3,3.0,3.0,3
3588,N49A/2,4,4.0,7.0,4
3589,N49A/21,3,3.0,3.0,3
3590,N49A/4,1,1.0,2.0,1
3591,N5/3,1,,1.0,1
3592,N5/48,1,2.0,2.0,1
3593,N5/9,1,,1.0,1
3594,N50/14,1,2.0,1.0,1
3595,N50/24,1,2.0,1.0,1
3596,N50/36,4,4.0,4.0,4
3597,N50/37,1,1.0,1.0,1
3598,N50/42,1,3.0,2.0,1
3599,N51/6,7,7.0,10.0,7
3600,N51/9,1,1.0,1.0,1
3601,N52A/42,27,27.0,53.0,27
3602,N52B/13,1,1.0,1.0,1
3603,N52B/27,3,3.0,6.0,3
3604,N52b/27,1,1.0,2.0,1
3605,N53/32,5,5.0,5.0,5
3606,N54/27,1,1.0,1.0,1
3607,N54/7,1,1.0,2.0,1
3608,N55/10,6,7.0,7.0,6
3609,N55/14,2,2.0,2.0,2
3610,N55/19,1,1.0,1.0,1
3611,N55/25,8,7.0,17.0,8
3612,N55/28,6,10.0,9.0,6
3613,N55/41,6,6.0,6.0,6
3614,N55/53,1,1.0,1.0,1
3615,N56/21,3,3.0,6.0,3
3616,N56/22,1,1.0,1.0,1
3617,N56/33,1,1.0,1.0,1
3618,N56/43,1,1.0,2.0,1
3619,N56/44,1,1.0,1.0,1
3620,N56/9,6,5.0,6.0,6
3621,N57/2,5,5.0,5.0,5
3622,N57/22,5,5.0,6.0,5
3623,N57/46,5,5.0,5.0,5
3624,N57/7,3,3.0,3.0,3
3625,N59/17,4,4.0,5.0,4
3626,N59/20,5,5.0,5.0,5
3627,N59/31,4,3.0,4.0,4
3628,N59/36,6,6.0,6.0,6
3629,N59/53,1,1.0,2.0,1
3630,N59/7,2,3.0,3.0,2
3631,N5A/44,1,1.0,1.0,1
3632,N6/38,3,3.0,3.0,3
3633,N6/45,1,1.0,1.0,1
3634,N60A/20,1,,1.0,1
3635,N61/36,1,2.0,1.0,1
3636,N64A/13,1,1.0,1.0,1
3637,N64A/23,1,1.0,1.0,1
3638,N64A/36,3,3.0,3.0,3
3639,N65/37,3,3.0,3.0,3
3640,N67/15,3,3.0,3.0,3
3641,N68/6,5,5.0,5.0,5
3642,N69/10,2,2.0,2.0,2
3643,N69/15,1,1.0,3.0,1
3644,N69/17,1,1.0,1.0,1
3645,N69/22,1,2.0,2.0,1
3646,N69/28,1,1.0,1.0,1
3647,N69/3,1,,1.0,1
3648,N69/38,6,6.0,6.0,6
3649,N69/40,1,2.0,2.0,1
3650,N69/46,6,6.0,6.0,6
3651,N69/46R,1,1.0,1.0,1
3652,N7/18,6,5.0,6.0,6
3653,N7/8,1,1.0,2.0,1
3654,N70/17,1,1.0,1.0,1
3655,N70/27,1,1.0,1.0,1
3656,N70/28,4,4.0,4.0,4
3657,N70/28R,1,1.0,1.0,1
3658,N71/17,6,6.0,6.0,6
3659,N71/37,6,6.0,6.0,6
3660,N72/11,6,6.0,6.0,6
3661,N72/16,6,7.0,7.0,6
3662,N72/20,7,7.0,7.0,7
3663,N74/11,1,1.0,1.0,1
3664,N74/16,1,1.0,1.0,1
3665,N74/25,4,5.0,4.0,4
3666,N75/3,3,3.0,4.0,3
3667,N75/33,4,4.0,4.0,4
3668,N76/3,3,3.0,3.0,3
3669,N76/3R,1,1.0,1.0,1
3670,N76/7,1,1.0,1.0,1
3671,N76/8,3,3.0,3.0,3
3672,N76/8R,1,1.0,1.0,1
3673,N77/15,3,3.0,3.0,3
3674,N78/31,1,1.0,1.0,1
3675,N78/6,1,1.0,1.0,1
3676,N81/2,8,9.0,8.0,8
3677,N81/37,4,5.0,4.0,4
3678,N83/48,3,3.0,3.0,3
3679,N83/48R,1,1.0,1.0,1
3680,N83/53,1,1.0,1.0,1
3681,N84/1,1,1.0,1.0,1
3682,N84/22,1,,1.0,1
3683,N84/37,4,4.0,4.0,4
3684,N85/18,4,7.0,4.0,4
3685,N85/25,1,1.0,1.0,1
3686,N86/1,1,2.0,,1
3687,N86/17,4,9.0,5.0,4
3688,N86/20,5,6.0,6.0,5
3689,N86/24,1,2.0,4.0,1
3690,N86/30,1,1.0,2.0,1
3691,N86/34,4,5.0,4.0,4
3692,N86/36,1,1.0,1.0,1
3693,N86/38,7,7.0,9.0,7
3694,N86/44,6,7.0,7.0,6
3695,N86/6,1,1.0,2.0,1
3696,N86/8,25,26.0,38.0,25
3697,N87/25,11,15.0,16.0,11
3698,N87/31,5,,5.0,5
3699,N88/10,1,1.0,1.0,1
3700,N88/12,4,4.0,7.0,4
3701,N8B/1,3,3.0,3.0,3
3702,N8B/1R,1,1.0,1.0,1
3703,N90/20,3,3.0,3.0,3
3704,N90/26,1,,2.0,1
3705,N91/13,1,1.0,1.0,1
3706,N91/2,1,1.0,1.0,1
3707,N91/27,4,4.0,4.0,4
3708,N92/14,3,3.0,3.0,3
3709,N92/22,1,1.0,1.0,1
3710,N93/6,3,3.0,6.0,3
3711,N93/7,3,3.0,3.0,3
3712,N93A/35,1,1.0,1.0,1
3713,N93A/49,5,5.0,5.0,5
3714,N93A/51,1,1.0,1.0,1
3715,N94/17,5,6.0,9.0,5
3716,N94/17R,1,1.0,1.0,1
3717,N94/48,1,1.0,1.0,1
3718,N95/35,4,4.0,4.0,4
3719,N95/43,5,5.0,6.0,5
3720,N96/53,4,4.0,6.0,4
3721,N96/55,6,6.0,6.0,6
3722,N97A/22,3,4.0,5.0,3
3723,N97A/23,3,3.0,3.0,3
3724,N97A/30,4,4.0,4.0,4
3725,N97A/31,6,6.0,6.0,6
3726,N97A/31R,1,1.0,1.0,1
3727,N97A/32,6,7.0,7.0,6
3728,N98/47,6,5.0,6.0,6
3729,N98/7,5,5.0,5.0,5
3730,N98/7R,1,1.0,1.0,1
3731,N9C/18,1,1.0,1.0,1
3732,N9C/24,2,1.0,2.0,2
3733,P65RNA_10% N486/76,1,2.0,1.0,1
3734,P65RNA_20% N486/76,1,1.0,1.0,1
3735,P65RNA_25% N486/76,1,2.0,2.0,1
3736,P65RNA_60% N486/76,1,2.0,2.0,1
3737,P65RNA_80% N486/76,1,2.0,2.0,1
3738,P65RNA_RNA: 20% N486/76,1,3.0,3.0,1
3739,P65RNA_RNA: 25% N486/76,1,3.0,3.0,1
3740,P65RNA_RNA: 80% N486/76,1,1.0,1.0,1
3741,POSITIVE CONTROL:,1,1.0,2.0,1
3742,POSITIVE CONTROL: EMPTY FOR RNA SPIKE,1,1.0,1.0,1
3743,POSITIVECONTROL1_L42/17,1,1.0,1.0,1
3744,Positive control L100/1,2,2.0,1.0,2
3745,RNA: 10% N48676,1,3.0,2.0,1
3746,RNA_20% N486/76,1,5.0,5.0,1
3747,RNA_25% N486/76,2,3.0,4.0,2
3748,RNA_50% L71/5,1,3.0,3.0,1
3749,RNA_50% N100/13,1,2.0,2.0,1
3750,RNA_50% N470/22,1,2.0,2.0,1
3751,RNA_50% N486/76,1,2.0,2.0,1
3752,RNA_60% N100/13,1,3.0,3.0,1
3753,RNA_75% N486/76,1,2.0,2.0,1
3754,RNA_80% N100/13,1,2.0,2.0,1
3755,RNA_80% N470/22,1,3.0,3.0,1
3756,UNC65,2,2.0,2.0,2
3757,VOID,4,3.0,5.0,4
3758,cells_20% N486/76,1,3.0,3.0,1
3759,cells_25% N486/76,2,4.0,4.0,2
3760,cells_50% L71/5,1,1.0,1.0,1
3761,cells_50% N100/13,1,2.0,2.0,1
3762,cells_50% N470/22,1,2.0,2.0,1
3763,cells_50% N486/76,1,2.0,2.0,1
3764,cells_60% N100/13,1,1.0,1.0,1
3765,cells_75% N486/76,1,1.0,1.0,1
3766,cells_80% N100/13,1,2.0,2.0,1
3767,cells_80% N470/22,1,2.0,2.0,1
3768,empty,2,1.0,2.0,2
3769,negativecontrol1,2,2.0,2.0,2
3770,negativecontrol2,3,1.0,4.0,3
3771,p65RNA_RNA: 60% N486/76,1,3.0,3.0,1
3772,positivecontrol,2,2.0,4.0,2
3773,positivecontrol1,2,2.0,4.0,2
3774,positivecontrol1_,1,1.0,2.0,1
3775,positivecontrol1_L130/1,7,6.0,13.0,7
3776,positivecontrol1_L42/17,4,4.0,4.0,4
3777,positivecontrol1_L42_17_1,2,2.0,2.0,2
3778,positivecontrol1_N222/6,12,11.0,21.0,12
3779,positivecontrol1_N263/31,3,3.0,4.0,3
3780,positivecontrol1_N29/29,8,8.0,8.0,8
3781,positivecontrol1_N52A/42,4,5.0,9.0,4
3782,positivecontrol1_N91/27,5,5.0,5.0,5
3783,positivecontrol2,3,2.0,3.0,3
3784,positivecontrol_L120/12,2,2.0,2.0,2
3785,positivecontrol_N18/22,5,8.0,5.0,5
